# MIST version number  = 1.2     
# MESA revision number =     7503
# photometric system   = UBV(RI)c, 2MASS, Kepler, Hipparcos, Gaia (Vega)                 
# --------------------------------------------------------------------------------------
#  Yinit        Zinit   [Fe/H]   [a/Fe]  v/vcrit                                        
# 0.2492  1.19306E-04    -2.20     0.00     0.40
# --------------------------------------------------------------------------------------
# number of isochrones =     1
# extinction:   Av, Rv =  0.000 3.100
# --------------------------------------------------------------------------------------
# number of EEPs, cols =   556   37
#   1                               2                               3                               4                               5                               6                               7                               8                               9                  10                  11                  12                  13                  14                  15                  16                  17                  18                  19                  20                  21                  22                  23                  24                  25                  26                  27                  28                  29                  30                  31                  32                  33                  34                  35                  36                  37
# EEP                isochrone_age_yr                    initial_mass                       star_mass                        log_Teff                           log_R                           log_g                           log_L                     [Fe/H]_init              [Fe/H]           Bessell_U           Bessell_B           Bessell_V           Bessell_R           Bessell_I             2MASS_J             2MASS_H            2MASS_Ks           Kepler_Kp          Kepler_D51        Hipparcos_Hp             Tycho_B             Tycho_V       Gaia_G_DR2Rev      Gaia_BP_DR2Rev      Gaia_RP_DR2Rev          Gaia_G_MAW        Gaia_BP_MAWb        Gaia_BP_MAWf         Gaia_RP_MAW                TESS         Gaia_G_EDR3        Gaia_BP_EDR3        Gaia_RP_EDR3     Gemini_NIRI_BrG    WIYN_NESSI_NB832               phase
  253         1.0079181246047623E+001         1.0532378504989570E-001         1.0532257509191312E-001         3.5569606651890542E+000        -9.4375990070883109E-001         5.3444104610486303E+000        -2.7050314450256749E+000        -2.2000000000000002E+000           -2.277440           15.756023           14.157887           12.591816           11.634824           10.805773            9.746021            9.040020            8.826781           11.849995           13.444502           12.642159           14.629886           12.784455           11.897874           12.844986           10.968880           11.895835           12.828051           12.878036           10.965595           10.955575           11.900867           12.832030           10.954469            8.770576           10.663496            0.000000
  254         1.0079181246047623E+001         1.0804657760528361E-001         1.0804529467746425E-001         3.5593102115368587E+000        -9.3469907361522897E-001         5.3358778383118697E+000        -2.6775116054472505E+000        -2.2000000000000002E+000           -2.277291           15.617240           14.060837           12.508326           11.559496           10.738558            9.686998            8.986575            8.774459           11.775640           13.347417           12.561380           14.523406           12.700015           11.824338           12.761598           10.900690           11.822147           12.744999           12.794819           10.897429           10.887674           11.827207           12.748752           10.886365            8.718428           10.596774            0.000000
  255         1.0079181246047623E+001         1.1120623463448004E-001         1.1120486220512001E-001         3.5619511776632304E+000        -9.2408860157716721E-001         5.3257844504628107E+000        -2.6457267968656408E+000        -2.2000000000000002E+000           -2.277112           15.460557           13.949291           12.412288           11.472737           10.660573            9.618328            8.924162            8.713326           11.689847           13.235805           12.468301           14.401532           12.602798           11.739415           12.665639           10.821707           11.737063           12.649406           12.699024           10.818466           10.808979           11.742155           12.652925           10.807464            8.657490           10.519233            0.000000
  256         1.0079181246047623E+001         1.1443607809744941E-001         1.1443460791074508E-001         3.5646601291613056E+000        -9.1323348074948274E-001         5.3154489347697584E+000        -2.6131807492179724E+000        -2.2000000000000002E+000           -2.276922           15.301438           13.834724           12.313832           11.383901           10.580364            9.547810            8.860148            8.650526           11.601901           13.121171           12.372791           14.276722           12.503016           11.652325           12.567232           10.740579           11.649817           12.551361           12.600756           10.737357           10.728107           11.654941           12.554662           10.726407            8.594992           10.439360            0.000000
  257         1.0079181246047623E+001         1.1786204059497042E-001         1.1786046053035867E-001         3.5675330467518647E+000        -9.0170248252569807E-001         5.3044523359349816E+000        -2.5786270824081656E+000        -2.2000000000000002E+000           -2.276711           15.134018           13.712924           12.209283           11.289663           10.494822            9.472709            8.791819            8.583615           11.508521           12.999310           12.271276           14.144474           12.396934           11.559828           12.462704           10.654196           11.557159           12.447201           12.496345           10.650990           10.641945           11.562317           12.450294           10.640081            8.528374           10.354042            0.000000
  258         1.0079181246047623E+001         1.2119947625008848E-001         1.2119778161177419E-001         3.5703239830820621E+000        -8.9043903968117766E-001         5.2936790660108803E+000        -2.5449364513983355E+000        -2.2000000000000002E+000           -2.276497           14.972267           13.593953           12.107298           11.197840           10.411102            9.399216            8.724751            8.518089           11.417436           12.880244           12.172168           14.015729           12.293331           11.469586           12.360722           10.569726           11.466766           12.345562           12.394447           10.566533           10.557664           11.471959           12.348475           10.555658            8.463047           10.270465            0.000000
  259         1.0079181246047623E+001         1.2446820304858272E-001         1.2446638861008313E-001         3.5730607360858144E+000        -8.7938724962382397E-001         5.2830871141214253E+000        -2.5118858592686202E+000        -2.2000000000000002E+000           -2.276279           14.813973           13.476305           12.006827           11.107560           10.328836            9.326805            8.658503            8.453451           11.327716           12.762345           12.074472           13.888694           12.191114           11.380669           12.260244           10.486576           11.377703           12.245409           12.294032           10.483400           10.474767           11.382931           12.248167           10.472571            8.398603           10.188431            0.000000
  260         1.0079181246047623E+001         1.2785761582716071E-001         1.2785566894778455E-001         3.5759127613741528E+000        -8.6791306492728282E-001         5.2720753846841664E+000        -2.4775293887221816E+000        -2.2000000000000002E+000           -2.276045           14.649519           13.353024           11.901916           11.013477           10.243187            9.251265            8.589277            8.385988           11.234064           12.638647           11.972415           13.755816           12.084236           11.287827           12.155320           10.399859           11.284712           12.140809           12.189151           10.396708           10.388384           11.289980           12.143423           10.385941            8.331345           10.103130            0.000000
  261         1.0079181246047623E+001         1.3128666276392473E-001         1.3128457377860073E-001         3.5787944956735669E+000        -8.5627578982852315E-001         5.2608770409397101E+000        -2.4427279013270073E+000        -2.2000000000000002E+000           -2.275798           14.483402           13.227479           11.795320           10.918002           10.156292            9.174460            8.518781            8.317338           11.138889           12.512529           11.868668           13.620745           11.975527           11.193447           12.048706           10.311769           11.190184           12.034513           12.082561           10.308645           10.300692           11.195495           12.036998           10.297952            8.262905           10.016700            0.000000
  262         1.0079181246047623E+001         1.3468100885034315E-001         1.3467876922199404E-001         3.5816321798282580E+000        -8.4470714040428152E-001         5.2496937256130938E+000        -2.4082398658597608E+000        -2.2000000000000002E+000           -2.275546           14.319528           13.102714           11.689505           10.823280           10.070052            9.098071            8.448561            8.248983           11.044349           12.387066           11.765627           13.486755           11.867531           11.099669           11.942865           10.224263           11.096260           11.928978           11.976729           10.221170           10.213628           11.101615           11.931350           10.210559            8.194760            9.931026            0.000000
  263         1.0079181246047623E+001         1.3812128454425271E-001         1.3811888159414420E-001         3.5845259844990580E+000        -8.3295886228712379E-001         5.2383128880663108E+000        -2.3731680909422446E+000        -2.2000000000000002E+000           -2.275283           14.152929           12.975277           11.581583           10.726773            9.982221            9.020234            8.377001            8.179357           10.947939           12.258816           11.660507           13.350066           11.757306           11.004018           11.834909           10.135075           11.000463           11.821328           11.868771           10.132016           10.124931           11.005864           11.823594           10.121496            8.125354            9.843876            0.000000
  264         1.0079181246047623E+001         1.4159634393802215E-001         1.4159376560392495E-001         3.5874598448333694E+000        -8.2106459828458611E-001         5.2267625597122702E+000        -2.3376441215999231E+000        -2.2000000000000002E+000           -2.275007           13.984411           12.845854           11.472048           10.628881            9.893126            8.941248            8.304300            8.108721           10.850073           12.128483           11.553783           13.211412           11.645378           10.906905           11.725329           10.044561           10.903203           11.712055           11.759178           10.041539           10.034951           10.908650           11.714221           10.031119            8.054947            9.755580            0.000000
  265         1.0079181246047623E+001         1.4526925369981142E-001         1.4526648640819251E-001         3.5903291445332606E+000        -8.0887774083230690E-001         5.2149649963107692E+000        -2.3017932078957997E+000        -2.2000000000000002E+000           -2.274729           13.817079           12.716328           11.362031           10.530302            9.803121            8.861119            8.230316            8.036793           10.751446           11.997985           11.446486           13.072979           11.532979           10.808995           11.615254            9.953143           10.805151           11.602278           11.649081            9.950159            9.944080           10.810645           11.604355            9.939840            7.983222            9.666447            0.000000
  266         1.0079181246047623E+001         1.5018119264040525E-001         1.5017821333141335E-001         3.5928782543559401E+000        -7.9540801930900584E-001         5.2025515764795092E+000        -2.2646573255584785E+000        -2.2000000000000002E+000           -2.274496           13.655241           12.587957           11.251083           10.429571            9.709924            8.776680            8.151396            7.959679           10.650579           11.868607           11.337919           12.936745           11.419884           10.708735           11.504238            9.858682           10.704768           11.491526           11.538030            9.855733            9.850121           10.710302           11.493530            9.845507            7.906235            9.574090            0.000000
  267         1.0079181246047623E+001         1.5551835315156803E-001         1.5551513419917468E-001         3.5955400602924725E+000        -7.8110860609971788E-001         5.1894536713876906E+000        -2.2254112753937747E+000        -2.2000000000000002E+000           -2.274263           13.485368           12.452820           11.134023           10.323160            9.611353            8.687285            8.067812            7.877940           10.544010           11.732406           11.223326           12.793507           11.300580           10.602791           11.387094            9.758800           10.598694           11.374659           11.420846            9.755886            9.750771           10.604271           11.376588            9.745760            7.824664            9.476464            0.000000
  268         1.0079181246047623E+001         1.6228119732073595E-001         1.6227771160161344E-001         3.5977158926817996E+000        -7.6536170052444041E-001         5.1756394540137247E+000        -2.1852141346859106E+000        -2.2000000000000002E+000           -2.274103           13.326032           12.322100           11.018147           10.216041            9.510532            8.593954            7.979298            7.790845           10.436673           11.600629           11.109439           12.656160           11.182858           10.495931           11.271135            9.656916           10.491733           11.258926           11.304839            9.654032            9.649326           10.497341           11.260801            9.643987            7.737762            9.376453            0.000000
  269         1.0079181246047623E+001         1.6971232143670512E-001         1.6970854555832382E-001         3.5997150070288360E+000        -7.4914770724962498E-001         5.1617798265532979E+000        -2.1447896907481354E+000        -2.2000000000000002E+000           -2.273998           13.170942           12.193388           10.902994           10.108927            9.409163            8.499485            7.889295            7.702126           10.329341           11.470892           10.996103           12.521399           11.066017           10.389026           11.155898            9.554585           10.384735           11.143901           11.189555            9.551728            9.547400           10.390374           11.145726            9.541759            7.649222            9.275860            0.000000
  270         1.0079181246047623E+001         1.7731532931952187E-001         1.7731123356019352E-001         3.6017378680125152E+000        -7.3250775883968799E-001         5.1474977619964557E+000        -2.1034183499935430E+000        -2.2000000000000002E+000           -2.273911           13.013026           12.062166           10.785335            9.999362            9.305390            8.402726            7.797078            7.611197           10.219564           11.338650           10.880274           12.384122           10.946669           10.279680           11.038142            9.449862           10.275295           11.026363           11.071754            9.447033            9.443083           10.280964           11.028135            9.437138            7.558476            9.172902            0.000000
  271         1.0079181246047623E+001         1.8488844812757760E-001         1.8488401213157968E-001         3.6037077905651942E+000        -7.1597838633167277E-001         5.1332706472786018E+000        -2.0624799147667963E+000        -2.2000000000000002E+000           -2.273845           12.857830           11.932974           10.669179            9.891044            9.202689            8.306882            7.705670            7.521029           10.111052           11.208488           10.765889           12.249100           10.828889           10.171582           10.921881            9.346258           10.167107           10.910317           10.955451            9.343454            9.339870           10.172802           10.912035            9.333632            7.468496            9.071015            0.000000
  272         1.0079181246047623E+001         1.9258512927644911E-001         1.9258035019337427E-001         3.6053996931279491E+000        -7.0037865664044552E-001         5.1200509110213313E+000        -2.0245128451333225E+000        -2.2000000000000002E+000           -2.273810           12.717588           11.815172           10.562467            9.791042            9.107476            8.217568            7.620182            7.436593           10.010876           11.089836           10.660687           12.126326           10.720797           10.071756           10.815068            9.250290           10.067203           10.803693           10.848601            9.247509            9.244234           10.072922           10.805364            9.237747            7.384222            8.976515            0.000000
  273         1.0079181246047623E+001         2.0043918481293921E-001         2.0043403145361574E-001         3.6070969109009505E+000        -6.8449808545397461E-001         5.1066017750511810E+000        -1.9859628316683762E+000        -2.2000000000000002E+000           -2.273797           12.575956           11.696041           10.454309            9.689576            9.010799            8.126823            7.533272            7.350732            9.909246           10.969894           10.554036           12.002262           10.611275            9.970476           10.706800            9.152874            9.965844           10.695617           10.740297            9.150113            9.147145            9.971584           10.697237            9.140412            7.298525            8.880559            0.000000
  274         1.0079181246047623E+001         2.0878382610892360E-001         2.0877830644595735E-001         3.6083508509272013E+000        -6.6976670510917391E-001         5.0946165560430288E+000        -1.9514843108737727E+000        -2.2000000000000002E+000           -2.273812           12.456223           11.593130           10.359490            9.599720            8.924436            8.044846            7.454119            7.272340            9.819243           10.866288           10.460327           11.895693           10.515453            9.880718           10.611894            9.065978            9.876031           10.600856           10.645363            9.063232            9.060486            9.881787           10.602440            9.053576            7.220256            8.794730            0.000000
  275         1.0079181246047623E+001         2.1717960544374537E-001         2.1717370596143942E-001         3.6094980916538413E+000        -6.5545175645141263E-001         5.0831389723330389E+000        -1.9182654506516890E+000        -2.2000000000000002E+000           -2.273847           12.342528           11.494892           10.268590            9.513348            8.841249            7.965675            7.377514            7.196435            9.732738           10.767414           10.370439           11.794128           10.423645            9.794436           10.520909            8.982313            9.789697           10.510005           10.554352            8.979581            8.977035            9.795467           10.511556            8.969963            7.144465            8.712032            0.000000
  276         1.0079181246047623E+001         2.2569619914935440E-001         2.2568991581777334E-001         3.6104522112024382E+000        -6.4169109459885254E-001         5.0723505938444742E+000        -1.8869276487521811E+000        -2.2000000000000002E+000           -2.273896           12.238580           11.403974           10.183758            9.432294            8.762825            7.890582            7.304544            7.124047            9.651564           10.675911           10.286449           11.700435           10.338063            9.713441           10.436007            8.903500            9.708659           10.425217           10.469425            8.900778            8.898394            9.714440           10.426738            8.891192            7.072170            8.634012            0.000000
  277         1.0079181246047623E+001         2.3427152987012156E-001         2.3426485144009224E-001         3.6113357736977156E+000        -6.2841773005705459E-001         5.0621600045931627E+000        -1.8568466696874757E+000        -2.2000000000000002E+000           -2.273953           12.139718           11.317195           10.102568            9.354592            8.687555            7.818393            7.234305            7.054351            9.573752           10.588604           10.206036           11.611104           10.256183            9.635795           10.354747            8.827873            9.630975           10.344063           10.388144            8.825162            8.822927            9.636766           10.345557            8.815607            7.002560            8.559115            0.000000
  278         1.0079181246047623E+001         2.4222727459402360E-001         2.4222021736929461E-001         3.6121479623563921E+000        -6.1643393652081468E-001         5.0530574774160470E+000        -1.8296303279802903E+000        -2.2000000000000002E+000           -2.274009           12.050055           11.238580           10.029033            9.284245            8.619448            7.753115            7.170799            6.991354            9.503312           10.509543           10.133210           11.530172           10.182020            9.565508           10.281143            8.759442            9.560652           10.270557           10.314522            8.756740            8.754640            9.566453           10.272026            8.747211            6.939642            8.491347            0.000000
  279         1.0079181246047623E+001         2.5002570060169960E-001         2.5001825515704046E-001         3.6129396464206298E+000        -6.0485388385623240E-001         5.0443531849448613E+000        -1.8033034863941733E+000        -2.2000000000000002E+000           -2.274073           11.963278           11.162519            9.957873            9.216175            8.553563            7.689986            7.109376            6.930437            9.435159           10.433085           10.062737           11.451880           10.110254            9.497505           10.209912            8.693246            9.492614           10.199424           10.243276            8.690552            8.688582            9.498423           10.200867            8.681049            6.878801            8.425791            0.000000
  280         1.0079181246047623E+001         2.5697276727740248E-001         2.5696499380010779E-001         3.6136108087308907E+000        -5.9572088256553857E-001         5.0377784141225304E+000        -1.7823528345717445E+000        -2.2000000000000002E+000           -2.274099           11.893342           11.101520            9.900966            9.161860            8.501108            7.639868            7.060687            6.882190            9.380782           10.371819           10.006405           11.389023           10.052839            9.443259           10.152939            8.640528            9.438337           10.142531           10.186291            8.637840            8.635982            9.444155           10.143951            8.628362            6.830619            8.373612            0.000000
  281         1.0079181246047623E+001         2.6362839778587455E-001         2.6362029811471555E-001         3.6142542524120946E+000        -5.8698440829208676E-001         5.0315152512062475E+000        -1.7623061113000236E+000        -2.2000000000000002E+000           -2.274132           11.826460           11.043174            9.846518            9.109885            8.450920            7.591914            7.014090            6.836022            9.328753           10.313240            9.952503           11.328914            9.997908            9.391354           10.098423            8.590088            9.386404           10.088095           10.131764            8.587407            8.585653            9.392228           10.089493            8.577949            6.784513            8.323684            0.000000
  282         1.0079181246047623E+001         2.6993219015935305E-001         2.6992378866515965E-001         3.6148420352059363E+000        -5.7923430461586811E-001         5.0261062651055814E+000        -1.7444547727722179E+000        -2.2000000000000002E+000           -2.274151           11.766632           10.991070            9.797939            9.063554            8.406219            7.549253            6.972654            6.794986            9.282372           10.260959            9.904419           11.275219            9.948891            9.345088           10.049779            8.545158            9.340112           10.039523           10.083112            8.542484            8.540825            9.345942           10.040900            8.533045            6.743533            8.279219            0.000000
  283         1.0079181246047623E+001         2.7622947842219070E-001         2.7622076996292411E-001         3.6154264334251560E+000        -5.7164093022842899E-001         5.0208918712370902E+000        -1.7269304311204627E+000        -2.2000000000000002E+000           -2.274174           11.707785           10.939857            9.750208            9.018044            8.362335            7.507391            6.932000            6.754736            9.236816           10.209596            9.857174           11.222440            9.900724            9.299647           10.001978            8.501046            9.294644            9.991794           10.035303            8.498378            8.496813            9.300481            9.993151            8.488958            6.703339            8.235565            0.000000
  284         1.0079181246047623E+001         2.8236718712151460E-001         2.8235817259560048E-001         3.6159963844974623E+000        -5.6426582946900372E-001         5.0158613356611479E+000        -1.7099004253123864E+000        -2.2000000000000002E+000           -2.274207           11.650620           10.890100            9.703823            8.973819            8.319691            7.466715            6.892488            6.715624            9.192545           10.159710            9.811258           11.171168            9.853919            9.255486            9.955522            8.458181            9.250459            9.945409            9.988839            8.455519            8.454044            9.256301            9.946745            8.446117            6.664279            8.193143            0.000000
  285         1.0079181246047623E+001         2.8835686006511774E-001         2.8834753759020360E-001         3.6165618639520005E+000        -5.5712233202751904E-001         5.0110392044596512E+000        -1.6933515126112648E+000        -2.2000000000000002E+000           -2.274243           11.594856           10.841633            9.658679            8.930807            8.278250            7.427222            6.854138            6.677677            9.149490           10.111143            9.766576           11.121215            9.808359            9.212541            9.910304            8.416521            9.207487            9.900261            9.943614            8.413864            8.412479            9.213335            9.901577            8.404481            6.626386            8.151917            0.000000
  286         1.0079181246047623E+001         2.9364810555442289E-001         2.9363850118070584E-001         3.6171127648121475E+000        -5.5093613454690882E-001         5.0069188307750228E+000        -1.6787755142094580E+000        -2.2000000000000002E+000           -2.274272           11.544552           10.798320            9.618568            8.892754            8.241730            7.392597            6.820617            6.644557            9.111397           10.067785            9.726906           11.076480            9.767847            9.174555            9.870115            8.379786            9.169477            9.860140            9.903419            8.377134            8.375837            9.175331            9.861437            8.367769            6.593317            8.115604            0.000000
  287         1.0079181246047623E+001         2.9890981610549205E-001         2.9889992783521591E-001         3.6176984234825484E+000        -5.4492511463222926E-001         5.0029982493221290E+000        -1.6644108396984956E+000        -2.2000000000000002E+000           -2.274303           11.494051           10.755143            9.578763            8.855116            8.205723            7.358602            6.787784            6.612159            9.073720           10.024608            9.687561           11.031815            9.727617            9.136992            9.830221            8.343550            9.131889            9.820317            9.863519            8.340905            8.339700            9.137749            9.821594            8.331558            6.560972            8.079814            0.000000
  288         1.0079181246047623E+001         3.0369336730226432E-001         3.0368321348231303E-001         3.6183109651937944E+000        -5.3967522551119507E-001         4.9996682879626562E+000        -1.6514608946114440E+000        -2.2000000000000002E+000           -2.274323           11.446646           10.715226            9.542326            8.820920            8.173236            7.328215            6.758596            6.583436            9.039488            9.984759            9.651594           10.990377            9.690741            9.102880            9.793686            8.310822            9.097751            9.783856            9.826977            8.308184            8.307076            9.103616            9.785110            8.298857            6.532306            8.047548            0.000000
  289         1.0079181246047623E+001         3.0825389728573549E-001         3.0824348729442441E-001         3.6189720308780609E+000        -5.3489074458264141E-001         4.9966958171348121E+000        -1.6392476700172680E+000        -2.2000000000000002E+000           -2.274328           11.400258           10.676657            9.507446            8.788429            8.142598            7.299814            6.731465            6.556789            9.006963            9.946328            9.617212           10.950224            9.655389            9.070488            9.758695            8.279919            9.065330            9.748944            9.791982            8.277288            8.276284            9.071200            9.750175            8.267983            6.505719            8.017140            0.000000
  290         1.0079181246047623E+001         3.1256715943227442E-001         3.1255650609695462E-001         3.6196602091234480E+000        -5.3058068348774712E-001         4.9941190267363780E+000        -1.6278748348459309E+000        -2.2000000000000002E+000           -2.274326           11.355473           10.639904            9.474504            8.757951            8.114041            7.273587            6.706567            6.532398            8.976446            9.909777            9.584774           10.911843            9.621960            9.040106            9.725627            8.251085            9.034919            9.715959            9.758909            8.248462            8.247566            9.040795            9.717165            8.239179            6.481391            7.988819            0.000000
  291         1.0079181246047623E+001         3.1691616832449271E-001         3.1690526571614303E-001         3.6203589733998820E+000        -5.2631569174650605E-001         4.9916002338943208E+000        -1.6165497942577125E+000        -2.2000000000000002E+000           -2.274320           11.310658           10.603188            9.441638            8.727572            8.085605            7.247510            6.681834            6.508186            8.946022            9.873299            9.552407           10.873490            9.588600            9.009815            9.692626            8.222365            9.004600            9.683040            9.725901            8.219751            8.218965            9.010482            9.684222            8.210490            6.457242            7.960615            0.000000
  292         1.0079181246047623E+001         3.2125473710798341E-001         3.2124358361829319E-001         3.6210651800651537E+000        -5.2212703935494398E-001         4.9891397519495975E+000        -1.6053476628135028E+000        -2.2000000000000002E+000           -2.274312           11.266086           10.566738            9.409058            8.697492            8.057477            7.221760            6.657436            6.484320            8.915889            9.837123            9.520321           10.835404            9.555524            8.979813            9.659901            8.193952            8.974569            9.650398            9.693167            8.191345            8.190669            8.980457            9.651557            8.182107            6.433439            7.932718            0.000000
  293         1.0079181246047623E+001         3.2481534944345858E-001         3.2480398188803594E-001         3.6216382260413589E+000        -5.1873451141363291E-001         4.9871643427383248E+000        -1.5962704230260600E+000        -2.2000000000000002E+000           -2.274302           11.230024           10.537230            9.382673            8.673125            8.034689            7.200896            6.637664            6.465003            8.891475            9.807858            9.494329           10.804580            9.528740            8.955503            9.633392            8.170931            8.950237            9.623959            9.666652            8.168330            8.167744            8.956129            9.625099            8.159111            6.414171            7.910112            0.000000
  294         1.0079181246047623E+001         3.2933549997418787E-001         3.2932385691840049E-001         3.6223469847120349E+000        -5.1456909403939721E-001         4.9848009126838271E+000        -1.5851045535948818E+000        -2.2000000000000002E+000           -2.274283           11.185680           10.500932            9.350218            8.643152            8.006660            7.175238            6.613351            6.441268            8.861437            9.771894            9.462348           10.766670            9.495792            8.925591            9.600779            8.142611            8.920297            9.591428            9.634027            8.140019            8.139542            8.926193            9.592546            8.130822            6.390497            7.882303            0.000000
  295         1.0079181246047623E+001         3.3221588726244089E-001         3.3220406001849645E-001         3.6228153437328450E+000        -5.1191678014728914E-001         4.9833069591974226E+000        -1.5779264897274288E+000        -2.2000000000000002E+000           -2.274271           11.156923           10.477461            9.329276            8.623841            7.988636            7.158777            6.597778            6.426081            8.842081            9.748657            9.441715           10.742146            9.474526            8.906318            9.579728            8.124394            8.901006            9.570434            9.612969            8.121808            8.121404            8.906906            9.571536            8.112626            6.375349            7.864428            0.000000
  296         1.0079181246047623E+001         3.3464546312970611E-001         3.3463347168473473E-001         3.6232006828253489E+000        -5.0971070193651380E-001         4.9820669924395711E+000        -1.5719729769358590E+000        -2.2000000000000002E+000           -2.274253           11.133168           10.458040            9.311930            8.607829            7.973687            7.145109            6.584837            6.413459            8.826031            9.729432            9.424619           10.721865            9.456912            8.890337            9.562291            8.109284            8.885010            9.553041            9.595525            8.106704            8.106359            8.890913            9.554132            8.097534            6.362759            7.849600            0.000000
  297         1.0079181246047623E+001         3.3799498666850269E-001         3.3798277347564454E-001         3.6237225213608149E+000        -5.0670766070637363E-001         4.9803876464765953E+000        -1.5638795403337167E+000        -2.2000000000000002E+000           -2.274232           11.100948           10.431671            9.288361            8.586061            7.953364            7.126515            6.567228            6.396283            8.804211            9.703336            9.401386           10.694340            9.432982            8.868610            9.538598            8.088742            8.863263            9.529409            9.571821            8.086167            8.085906            8.869171            9.530485            8.077015            6.345625            7.829444            0.000000
  298         1.0079181246047623E+001         3.3970468668422216E-001         3.3969235826518762E-001         3.6240029541206615E+000        -5.0519717720613810E-001         4.9795567199049415E+000        -1.5597368422938613E+000        -2.2000000000000002E+000           -2.274219           11.084175           10.418024            9.276213            8.574874            7.942955            7.117034            6.558277            6.387566            8.792996            9.689842            9.389416           10.680076            9.420640            8.857446            9.526381            8.078216            8.852088            9.517225            9.559599            8.075644            8.075427            8.857998            9.518293            8.066501            6.336931            7.819127            0.000000
  299         1.0079181246047623E+001         3.4158074996478965E-001         3.4156830649826370E-001         3.6243125806163365E+000        -5.0355440767736015E-001         4.9786625938948728E+000        -1.5552127972536050E+000        -2.2000000000000002E+000           -2.274211           11.065794           10.403084            9.262925            8.562644            7.931592            7.106689            6.548518            6.378066            8.780736            9.675076            9.376323           10.664459            9.407138            8.845242            9.513018            8.066716            8.839872            9.503898            9.546228            8.064149            8.063981            8.845784            9.504956            8.055016            6.327456            7.807861            0.000000
  300         1.0079181246047623E+001         3.4358787202897539E-001         3.4357531189887025E-001         3.6246444658805022E+000        -5.0180507579382350E-001         4.9777088672743561E+000        -1.5503865924298679E+000        -2.2000000000000002E+000           -2.274206           11.046164           10.387133            9.248740            8.549590            7.919470            7.095655            6.538109            6.367936            8.767649            9.659314            9.362346           10.647787            9.392725            8.832213            9.498751            8.054448            8.826832            9.489669            9.531954            8.051883            8.051768            8.832747            9.490719            8.042761            6.317352            7.795841            0.000000
  301         1.0079181246047623E+001         3.4568794049869445E-001         3.4567526440788038E-001         3.6249896650009781E+000        -4.9997909330476525E-001         4.9767062311450232E+000        -1.5453538309698489E+000        -2.2000000000000002E+000           -2.274202           11.025727           10.370515            9.233956            8.535978            7.906831            7.084143            6.527246            6.357365            8.754001            9.642896            9.347775           10.630423            9.377702            8.818628            9.483880            8.041660            8.813233            9.474838            9.517075            8.039099            8.039032            8.819152            9.475880            8.029988            6.306808            7.783309            0.000000
  302         1.0079181246047623E+001         3.4809384056775872E-001         3.4808101825463345E-001         3.6253902347760993E+000        -4.9790936902941840E-001         4.9755814378766710E+000        -1.5396121033186694E+000        -2.2000000000000002E+000           -2.274192           11.002284           10.351485            9.217048            8.520424            7.892406            7.071024            6.514879            6.345339            8.738404            9.624104            9.331112           10.610533            9.360518            8.803104            9.466869            8.027064            8.797695            9.457874            9.500054            8.024507            8.024496            8.803617            9.458904            8.015409            6.294814            7.769010            0.000000
  303         1.0079181246047623E+001         3.5051538043500630E-001         3.5050239629611069E-001         3.6257929745075375E+000        -4.9585744433192280E-001         4.9744830847161428E+000        -1.5338972949979250E+000        -2.2000000000000002E+000           -2.274463           10.978865           10.332496            9.200186            8.504925            7.878042            7.057966            6.502591            6.333393            8.722858            9.605344            9.314495           10.590688            9.343377            8.787630            9.449905            8.012526            8.782207            9.440956            9.483079            8.009974            8.010021            8.788132            9.441977            8.000890            6.282898            7.754773            0.000000
  304         1.0079181246047623E+001         3.5285672093734988E-001         3.5284357652721665E-001         3.6261848256421603E+000        -4.9389191381088388E-001         4.9734431724353456E+000        -1.5283988294173567E+000        -2.2000000000000002E+000           -2.274842           10.956242           10.314176            9.183931            8.489992            7.864214            7.045406            6.490777            6.321922            8.707878            9.587247            9.298476           10.571541            9.326851            8.772720            9.433550            7.998529            8.767282            9.424645            9.466712            7.995983            7.996093            8.773211            9.425657            7.986911            6.271456            7.741071            0.000000
  305         1.0079181246047623E+001         3.5506510298235150E-001         3.5505180932574815E-001         3.6265575709076949E+000        -4.9204719130934349E-001         4.9724722941703954E+000        -1.5232184033521370E+000        -2.2000000000000002E+000           -2.275331           10.934864           10.296879            9.168593            8.475908            7.851182            7.033578            6.479655            6.311132            8.693747            9.570160            9.283360           10.553465            9.311255            8.758657            9.418116            7.985337            8.753204            9.409254            9.451265            7.982795            7.982965            8.759137            9.410257            7.973736            6.260695            7.728159            0.000000
  306         1.0079181246047623E+001         3.5700268004100633E-001         3.5698924320816861E-001         3.6268908714647168E+000        -4.9045396906109617E-001         4.9716448764235439E+000        -1.5186987566275567E+000        -2.2000000000000002E+000           -2.276356           10.916001           10.281679            9.155144            8.463587            7.839796            7.023277            6.469997            6.301770            8.681375            9.555119            9.270108           10.537577            9.297570            8.746343            9.404579            7.973807            8.740879            9.395756            9.437718            7.971271            7.971494            8.746815            9.396752            7.962222            6.251356            7.716880            0.000000
  307         1.0079181246047623E+001         3.5879173913800699E-001         3.5877816731411294E-001         3.6272047797988214E+000        -4.8899203553863224E-001         4.9708851856632474E+000        -1.5145192562462069E+000        -2.2000000000000002E+000           -2.277452           10.898432           10.267555            9.142665            8.452171            7.829260            7.013763            6.461094            6.293144            8.669909            9.541142            9.257814           10.522810            9.284871            8.734931            9.392020            7.963138            8.729457            9.383232            9.425147            7.960606            7.960879            8.735396            9.384222            7.951567            6.242753            7.706446            0.000000
  308         1.0079181246047623E+001         3.6057439735671154E-001         3.6056070161963705E-001         3.6275246286880720E+000        -4.8752415865220061E-001         4.9701044052351397E+000        -1.5103041069163421E+000        -2.2000000000000002E+000           -2.278747           10.880644           10.253278            9.130059            8.440648            7.818632            7.004176            6.452130            6.284464            8.658332            9.527004            9.245397           10.507881            9.272040            8.723410            9.379332            7.952374            8.717924            9.370580            9.412447            7.949845            7.950171            8.723866            9.371565            7.940818            6.234096            7.695921            0.000000
  309         1.0079181246047623E+001         3.6275643852724487E-001         3.6274258965116046E-001         3.6279521286294365E+000        -4.8556834752767397E-001         4.9688052311202657E+000        -1.5046824849018330E+000        -2.2000000000000002E+000           -2.280473           10.856883           10.234229            9.113246            8.425283            7.804465            6.991392            6.440173            6.272888            8.642893            9.508133            9.228833           10.487965            9.254925            8.708042            9.362408            7.938024            8.702542            9.353704            9.395505            7.935503            7.935898            8.708488            9.354682            7.926489            6.222550            7.681893            0.000000
  310         1.0079181246047623E+001         3.6498082135258303E-001         3.6496681727889468E-001         3.6284035931461096E+000        -4.8349673563588319E-001         4.9673154959480783E+000        -1.4987334030515582E+000        -2.2000000000000002E+000           -2.282538           10.831751           10.214084            9.095458            8.409027            7.789473            6.977857            6.427513            6.260633            8.626553            9.488161            9.211308           10.466909            9.236817            8.691778            9.344502            7.922840            8.686263            9.335852            9.377582            7.920325            7.920795            8.692214            9.336822            7.911327            6.210325            7.667047            0.000000
  311         1.0079181246047623E+001         3.6726742931831097E-001         3.6725327805919389E-001         3.6288766678449256E+000        -4.8130979914316030E-001         4.9656697225577870E+000        -1.4924672312708458E+000        -2.2000000000000002E+000           -2.284838           10.805346           10.192904            9.076742            8.391930            7.773683            6.963588            6.414161            6.247695            8.609346            9.467156            9.192864           10.444782            9.217766            8.674664            9.325664            7.906850            8.669121            9.317066            9.358721            7.904342            7.904890            8.675088            9.318028            7.895360            6.197432            7.651411            0.000000
  312         1.0079181246047623E+001         3.7030276153139319E-001         3.7028837380980362E-001         3.6295690446695916E+000        -4.7820244283362018E-001         4.9630148036477344E+000        -1.4834830113531030E+000        -2.2000000000000002E+000           -2.288266           10.767180           10.162391            9.049827            8.367381            7.751047            6.943165            6.395075            6.229212            8.584651            9.436894            9.166344           10.412892            9.190360            8.650085            9.298565            7.883920            8.644515            9.290047            9.331591            7.881422            7.882085            8.650495            9.290999            7.872463            6.179004            7.629001            0.000000
  313         1.0079181246047623E+001         3.7331204939537566E-001         3.7329742377264602E-001         3.6302717437157983E+000        -4.7505625632519044E-001         4.9602465329728851E+000        -1.4743798421514163E+000        -2.2000000000000002E+000           -2.292166           10.728504           10.131476            9.022552            8.342503            7.728105            6.922462            6.375735            6.210487            8.559618            9.406225            9.139462           10.380596            9.162586            8.625166            9.271101            7.860681            8.619573            9.262663            9.304091            7.858194            7.858975            8.625560            9.263607            7.849259            6.160326            7.606289            0.000000
  314         1.0079181246047623E+001         3.7661488402588372E-001         3.7659999215116152E-001         3.6310593830891742E+000        -4.7153433537408695E-001         4.9570326981907868E+000        -1.4641854427557064E+000        -2.2000000000000002E+000           -2.295910           10.685281           10.096901            8.992038            8.314648            7.702430            6.899275            6.354056            6.189506            8.531594            9.371980            9.109378           10.344481            9.131517            8.597270            9.240369            7.834670            8.591652            9.232019            9.273318            7.832196            7.833110            8.597649            9.232954            7.823288            6.139397            7.580877            0.000000
  315         1.0079181246047623E+001         3.8036806311546223E-001         3.8035285398188745E-001         3.6319929593006846E+000        -4.6750272121498987E-001         4.9532562019169220E+000        -1.4523879095914713E+000        -2.2000000000000002E+000           -2.299755           10.634912           10.056700            8.956624            8.282347            7.672723            6.872494            6.329045            6.165333            8.499098            9.332239            9.074459           10.302468            9.095451            8.564925            9.204685            7.804561            8.559278            9.196441            9.237585            7.802102            7.803176            8.565287            9.197365            7.793227            6.115285            7.551489            0.000000
  316         1.0079181246047623E+001         3.8449061764256820E-001         3.8447504902818519E-001         3.6330532253218442E+000        -4.6299555520329116E-001         4.9489076272759860E+000        -1.4391325134834352E+000        -2.2000000000000002E+000           -2.303760           10.578220           10.011473            8.916803            8.246020            7.639352            6.842418            6.300965            6.138217            8.462549            9.287598            9.035182           10.255206            9.054895            8.528549            9.164546            7.770730            8.522869            9.156420            9.197388            7.768288            7.769544            8.528891            9.157333            7.759449            6.088235            7.518486            0.000000
  317         1.0079181246047623E+001         3.8978445859461275E-001         3.8976838505154604E-001         3.6344556080441253E+000        -4.5738428239279527E-001         4.9435405076433998E+000        -1.4223004369733188E+000        -2.2000000000000002E+000           -2.307257           10.505375            9.953547            8.865971            8.199633            7.596982            6.804370            6.265507            6.104058            8.415964            9.230639            8.985063           10.194623            9.003103            8.482193            9.113269            7.727739            8.476472            9.105297            9.146030            7.725319            7.726815            8.482511            9.106197            7.716531            6.054162            7.476620            0.000000
  318         1.0079181246047623E+001         3.9586821808372813E-001         3.9585150841428163E-001         3.6361568304739178E+000        -4.5101179446596074E-001         4.9373792882403027E+000        -1.4027505714004778E+000        -2.2000000000000002E+000           -2.310076           10.419654            9.885630            8.806581            8.145530            7.547766            6.760355            6.224584            6.064740            8.361617            9.164097            8.926532           10.123541            8.942561            8.428123            9.053305            7.677758            8.422352            9.045542            9.085967            7.675365            7.677151            8.428412            9.046427            7.666636            6.014943            7.428036            0.000000
  319         1.0079181246047623E+001         4.0258283142043977E-001         4.0256536990206737E-001         3.6381132195987536E+000        -4.4397487801139945E-001         4.9304699747666074E+000        -1.3808511819920126E+000        -2.2000000000000002E+000           -2.312888           10.323021            9.809178            8.739844            8.084787            7.492617            6.711154            6.178901            6.020933            8.300557            9.089397            8.860717           10.043529            8.874511            8.367373            8.985925            7.621724            8.361546            8.978403            9.018466            7.619363            7.621481            8.367631            8.979275            7.610703            5.971243            7.373635            0.000000
  320         1.0079181246047623E+001         4.1020523791784369E-001         4.1018686292950118E-001         3.6403761539436310E+000        -4.3608335793905018E-001         4.9227168302610060E+000        -1.3560164044678038E+000        -2.2000000000000002E+000           -2.315200           10.213175            9.722260            8.664047            8.015816            7.430063            6.655456            6.127197            5.971435            8.231166            9.004746            8.785895            9.952596            8.797209            8.298324            8.909349            7.558089            8.292436            8.902073            8.941735            7.555766            7.558286            8.298550            8.902935            7.547200            5.921864            7.311976            0.000000
  321         1.0079181246047623E+001         4.1776841336938025E-001         4.1774905446904675E-001         3.6427274664911109E+000        -4.2824868510911129E-001         4.9148614289929338E+000        -1.3309418086180078E+000        -2.2000000000000002E+000           -2.317304           10.101564            9.634060            8.587333            7.946056            7.366877            6.599379            6.075211            5.921774            8.160895            8.919130            8.710050            9.860332            8.718955            8.228386            8.831708            7.493770            8.222437            8.824685            8.863920            7.491485            7.494390            8.228580            8.825541            7.483003            5.872319            7.249746            0.000000
  322         1.0079181246047623E+001         4.2569345078548271E-001         4.2567298823135741E-001         3.6452622866421232E+000        -4.2002732888120609E-001         4.9065256758690055E+000        -1.3043598155581497E+000        -2.2000000000000002E+000           -2.319427            9.983141            9.540431            8.505985            7.872101            7.299873            6.540022            6.020215            5.869317            8.086215            8.828533            8.629386            9.762432            8.635969            8.154119            8.749261            7.425575            8.148108            8.742480            8.781275            7.423333            7.426642            8.154282            8.743326            7.414938            5.819980            7.183796            0.000000
  323         1.0079181246047623E+001         4.3363554136849242E-001         4.3361390414985318E-001         3.6478337006189698E+000        -4.1174130817091426E-001         4.8980747833195100E+000        -1.2775021182301778E+000        -2.2000000000000002E+000           -2.321659            9.864059            9.446072            8.423960            7.797579            7.232167            6.480070            5.964640            5.816342            8.010811            8.737495            8.547948            9.663843            8.552298            8.079084            8.665974            7.356704            8.073012            8.659416            8.697852            7.354503            7.358210            8.079195            8.660273            7.346195            5.767119            7.117178            0.000000
  324         1.0079181246047623E+001         4.4129091474307602E-001         4.4126803351879196E-001         3.6505028778054660E+000        -4.0379567545626838E-001         4.8898041005557067E+000        -1.2509341440549007E+000        -2.2000000000000002E+000           -2.323866            9.744616            9.351789            8.342310            7.723796            7.165156            6.421127            5.910204            5.764625            7.936002            8.646944            8.466846            9.565269            8.468872            8.004490            8.582953            7.288536            7.998368            8.576677            8.614616            7.286376            7.290479            8.004561            8.577548            7.278155            5.715513            7.051310            0.000000
  325         1.0079181246047623E+001         4.4851541134278805E-001         4.4849127019097690E-001         3.6531296519103682E+000        -3.9628679000939138E-001         4.8818827386873789E+000        -1.2254092767415374E+000        -2.2000000000000002E+000           -2.325993            9.629477            9.260952            8.263673            7.652936            7.100769            6.364727            5.858178            5.715285            7.864115            8.560043            8.388799            9.470287            8.388556            7.932746            8.503025            7.223069            7.926572            8.497013            8.534468            7.220951            7.225422            7.932783            8.497908            7.212811            5.666281            6.988053            0.000000
  326         1.0079181246047623E+001         4.5570694816202911E-001         4.5568148209534298E-001         3.6557713103147016E+000        -3.8877035159642021E-001         4.8739142773581765E+000        -1.1998097662982612E+000        -2.2000000000000002E+000           -2.328209            9.514668            9.170169            8.185125            7.582164            7.036212            6.308319            5.806050            5.665867            7.792211            8.473474            8.310759            9.375399            8.308369            7.860947            8.423048            7.157489            7.854733            8.417336            8.454258            7.155416            7.160237            7.860937            8.418246            7.147354            5.616968            6.924634            0.000000
  327         1.0079181246047623E+001         4.6275654135109878E-001         4.6272962198556544E-001         3.6586313633573857E+000        -3.8148891764004766E-001         4.8659854470068620E+000        -1.1738066862147822E+000        -2.2000000000000002E+000           -2.330427            9.395656            9.076633            8.104771            7.510228            6.970619            6.251632            5.753955            5.616700            7.718935            8.384800            8.230833            9.277478            8.226247            7.787712            8.341098            7.090864            7.781450            8.335690            8.372011            7.088829            7.094018            7.787658            8.336622            7.080859            5.567915            6.860262            0.000000
  328         1.0079181246047623E+001         4.6930212338120536E-001         4.6927373515277793E-001         3.6614626159350268E+000        -3.7476033166616052E-001         4.8585174552112456E+000        -1.1490245039564422E+000        -2.2000000000000002E+000           -2.332498            9.281227            8.986923            8.028138            7.441892            6.908122            6.197989            5.704869            5.570499            7.649152            8.300193            8.154498            9.183472            8.147951            7.717861            8.262707            7.027483            7.711557            8.257611            8.293356            7.025477            7.030963            7.717759            8.258574            7.017557            5.521828            6.798961            0.000000
  329         1.0079181246047623E+001         4.7573417901567394E-001         4.7570427067799881E-001         3.6642739826810322E+000        -3.6812158653592708E-001         4.8511252256492510E+000        -1.1245015467119535E+000        -2.2000000000000002E+000           -2.334618            9.168726            8.898535            7.952643            7.374783            6.846363            6.145044            5.656453            5.524929            7.580435            8.217142            8.079318            9.090837            8.070774            7.649020            8.185528            6.964921            7.642678            8.180775            8.215817            6.962948            6.968741            7.648876            8.181746            6.955090            5.476377            6.738337            0.000000
  330         1.0079181246047623E+001         4.8239209496187208E-001         4.8236051158367177E-001         3.6672234999476494E+000        -3.6121326532070164E-001         4.8434004426064368E+000        -1.0988868352150325E+000        -2.2000000000000002E+000           -2.336910            9.051955            8.806614            7.874204            7.305296            6.781971            6.089975            5.606095            5.477526            7.509103            8.131101            8.001041            8.994462            7.990605            7.577427            8.105201            6.899786            7.571052            8.100748            8.135258            6.897840            6.903862            7.577214            8.101735            6.890033            5.429105            6.675057            0.000000
  331         1.0079181246047623E+001         4.8892221814897097E-001         4.8888889049580553E-001         3.6702321918314453E+000        -3.5453101194247061E-001         4.8359383681642178E+000        -1.0734875609233883E+000        -2.2000000000000002E+000           -2.339226            8.935728            8.715244            7.796552            7.236967            6.718186            6.035861            5.556760            5.431158            7.438704            8.046017            7.923473            8.898537            7.911221            7.506649            8.025517            6.835348            7.500244            8.021398            8.055294            6.833437            6.839664            7.506363            8.022395            6.825669            5.382880            6.612371            0.000000
  332         1.0079181246047623E+001         4.9561307292000623E-001         4.9557782358447888E-001         3.6735045884447359E+000        -3.4786904856682865E-001         4.8285264720856951E+000        -1.0470740477189442E+000        -2.2000000000000002E+000           -2.341650            8.813591            8.619575            7.715776            7.166593            6.651989            5.980346            5.506415            5.383974            7.365850            7.957456            7.842704            8.797883            7.828598            7.433227            7.942436            6.768545            7.426798            7.938687            7.971917            6.766647            6.773048            7.432851            7.939687            6.758907            5.335867            6.547273            0.000000
  333         1.0079181246047623E+001         5.0245733566592699E-001         5.0241998831417001E-001         3.6769488911192063E+000        -3.4109072044007571E-001         4.8209667695432046E+000        -1.0197401807675570E+000        -2.2000000000000002E+000           -2.344216            8.687527            8.520814            7.632696            7.094823            6.583586            5.923487            5.454958            5.335754            7.291194            7.866530            7.759548            8.693804            7.743616            7.357786            7.856828            6.699755            7.351338            7.853477            7.886009            6.697871            6.704377            7.357301            7.854467            6.690176            5.287849            6.479979            0.000000
  334         1.0079181246047623E+001         5.0925972686336152E-001         5.0922015601074100E-001         3.6805000852782856E+000        -3.3445244379202516E-001         4.8135757843810278E+000        -9.9225885083513676E-001        -2.2000000000000002E+000           -2.346836            8.560728            8.421583            7.549656            7.023880            6.514962            5.867101            5.404105            5.288128            7.216973            7.776052            7.676355            8.588989            7.658664            7.282542            7.771076            6.631035            7.276083            7.768146            7.799964            6.629156            6.635684            7.281929            7.769111            6.621477            5.240458            6.412660            0.000000
  335         1.0079181246047623E+001         5.1644708818932228E-001         5.1640497310995326E-001         3.6845123217954909E+000        -3.2772435343917683E-001         4.8061453359220128E+000        -9.6275372406061899E-001        -2.2000000000000002E+000           -2.349654            8.423276            8.314450            7.460818            6.948225            6.442162            5.807730            5.350884            5.238474            7.137640            7.679212            7.587164            8.475499            7.567765            7.202015            7.678971            6.558059            7.195547            7.676535            7.707530            6.556187            6.562766            7.201256            7.677461            6.548501            5.191073            6.340978            0.000000
  336         1.0079181246047623E+001         5.2365717789182131E-001         5.2361234023765801E-001         3.6886642695007446E+000        -3.2105565246468448E-001         4.7987750695000546E+000        -9.3280853129061925E-001        -2.2000000000000002E+000           -2.352571            8.284687            8.206324            7.371579            6.871551            6.369546            5.748183            5.297551            5.188786            7.057420            7.582460            7.497316            8.360771            7.476505            7.120646            7.586097            6.485023            7.114167            7.584192            7.614302            6.483166            6.489865            7.119746            7.585070            6.475514            5.141654            6.269610            0.000000
  337         1.0079181246047623E+001         5.3097191059261439E-001         5.3092412309353820E-001         3.6929353831297043E+000        -3.1424461787944002E-001         4.7912066277645193E+000        -9.0210200760429005E-001        -2.2000000000000002E+000           -2.355661            8.144614            8.096572            7.281239            6.793082            6.296311            5.687600            5.243206            5.138146            6.975578            7.485359            7.406109            8.244274            7.384183            7.037711            7.491772            6.411076            7.031223            7.490430            7.519602            6.409252            6.416128            7.036679            7.491254            6.401677            5.091285            6.197735            0.000000
  338         1.0079181246047623E+001         5.3803917774028143E-001         5.3798837824650625E-001         3.6971126281702351E+000        -3.0770202849272277E-001         4.7839125723973730E+000        -8.7230784866873279E-001        -2.2000000000000002E+000           -2.358731            8.010416            7.991107            7.194589            6.717089            6.226423            5.629329            5.190907            5.089428            6.896554            7.392903            7.318391            8.132169            7.295667            6.957706            7.401010            6.340174            6.951210            7.400231            7.428465            6.338382            6.345501            6.956556            7.400999            6.330886            5.042832            6.129176            0.000000
  339         1.0079181246047623E+001         5.4504187751948441E-001         5.4498788951837351E-001         3.7013124725929867E+000        -3.0130584912885594E-001         4.7767426604083365E+000        -8.4271611224999399E-001        -2.2000000000000002E+000           -2.361855            7.878565            7.887058            7.109395            6.641747            6.158112            5.572011            5.139486            5.041560            6.818434            7.302913            7.231925            8.021566            7.208650            6.878688            7.311497            6.270567            6.872185            7.311295            7.338569            6.268812            6.276223            6.877429            7.312001            6.261412            4.995237            6.062196            0.000000
  340         1.0079181246047623E+001         5.5188826986321238E-001         5.5183098141714049E-001         3.7054654190147884E+000        -2.9503094335190966E-001         4.7696661506372617E+000        -8.1355451500889309E-001        -2.2000000000000002E+000           -2.365021            7.750532            7.785472            7.026321            6.567649            6.091646            5.515906            5.089120            4.994664            6.741854            7.215493            7.147417            7.913603            7.123806            6.801306            7.223999            6.202667            6.794796            7.224371            7.250686            6.200953            6.208688            6.799951            7.225014            6.193661            4.948624            5.997285            0.000000
  341         1.0079181246047623E+001         5.5868366900493627E-001         5.5862288620080047E-001         3.7096380007863856E+000        -2.8881730241818665E-001         4.7626082106356584E+000        -7.8443690605505778E-001        -2.2000000000000002E+000           -2.368270            7.624413            7.684852            6.944138            6.493807            6.026060            5.460288            5.039198            4.948185            6.665783            7.129306            7.063638            7.806705            7.039862            6.724516            7.137247            6.135499            6.718000            7.138197            7.163546            6.133829            6.141917            6.723074            7.138774            6.126656            4.902444            5.933289            0.000000
  342         1.0079181246047623E+001         5.6508526860872166E-001         5.6502100569882274E-001         3.7135979869207745E+000        -2.8310895961210869E-001         4.7560784550194892E+000        -7.5718027590534942E-001        -2.2000000000000002E+000           -2.371369            7.507565            7.591177            6.867772            6.424810            5.965333            5.408694            4.992966            4.905177            6.594917            7.049448            6.985638            7.707218            6.961828            6.653047            7.056461            6.073172            6.646527            7.057957            7.082390            6.071547            6.079986            6.651532            7.058471            6.064493            4.859740            5.873985            0.000000
  343         1.0079181246047623E+001         5.7145639339214005E-001         5.7138843989114185E-001         3.7175747461772772E+000        -2.7740538017187544E-001         4.7494841549708857E+000        -7.2986607999886910E-001        -2.2000000000000002E+000           -2.374531            7.392177            7.498050            6.791818            6.355804            5.904952            5.357244            4.946870            4.862279            6.524274            6.970200            6.907945            7.608416            6.884191            6.581877            6.976015            6.011122            6.575354            6.978053            7.001574            6.009544            6.018341            6.580297            6.978503            6.002614            4.817173            5.814920            0.000000
  344         1.0079181246047623E+001         5.7776467801856946E-001         5.7769284351806571E-001         3.7215485594367319E+000        -2.7168082559214141E-001         4.7428003126859481E+000        -7.0252171780158590E-001        -2.2000000000000002E+000           -2.377789            7.278524            7.405621            6.716308            6.286862            5.844843            5.305901            4.900862            4.819427            6.453938            6.891522            6.830622            7.510493            6.806980            6.511091            6.895991            5.949316            6.504566            6.898561            6.921183            5.947785            5.956938            6.509456            6.898948            5.940980            4.774680            5.756111            0.000000
  345         1.0079181246047623E+001         5.8401275204675562E-001         5.8393684036147919E-001         3.7255199180980609E+000        -2.6592840038725418E-001         4.7360151207995216E+000        -6.7513143274649390E-001        -2.2000000000000002E+000           -2.381137            7.166522            7.313794            6.641117            6.217945            5.784862            5.254599            4.854900            4.776576            6.383868            6.813207            6.753568            7.413375            6.730062            6.440647            6.816314            5.887641            6.434121            6.819384            6.841167            5.886158            5.895657            6.438967            6.819707            5.879478            4.732222            5.697409            0.000000
  346         1.0079181246047623E+001         5.9035544249323335E-001         5.9027515056494795E-001         3.7295274627324995E+000        -2.6004530875300830E-001         4.7289671888656351E+000        -6.4733507094024878E-001        -2.2000000000000002E+000           -2.384688            7.054822            7.221399            6.565202            6.148153            5.724087            5.202585            4.808297            4.733070            6.313156            6.734126            6.675754            7.315859            6.652371            6.369635            6.735960            5.825193            6.363108            6.739531            6.760449            5.823756            5.833585            6.367918            6.739796            5.817199            4.689152            5.637908            0.000000
  347         1.0079181246047623E+001         5.9685479559143151E-001         5.9676979815581865E-001         3.7335429526205730E+000        -2.5401616991363529E-001         4.7215965864928542E+000        -6.1921483370920671E-001        -2.2000000000000002E+000           -2.388530            6.943911            7.128748            6.488793            6.077698            5.662556            5.149920            4.761095            4.688929            6.242040            6.654414            6.597438            7.218327            6.574086            6.298319            6.655116            5.762065            6.291788            6.659172            6.679249            5.760665            5.770801            6.296579            6.659378            5.754233            4.645491            5.577643            0.000000
  348         1.0079181246047623E+001         6.0329244546860772E-001         6.0320248708517177E-001         3.7375495901775326E+000        -2.4791932144519119E-001         4.7140460506631996E+000        -5.9099458654448100E-001        -2.2000000000000002E+000           -2.392495            6.834491            7.036469            6.412308            6.007136            5.600692            5.097059            4.713750            4.644594            6.171075            6.574442            6.519088            7.121423            6.495723            6.227223            6.574325            5.698710            6.220691            6.578840            6.598112            5.697350            5.707752            6.225466            6.578990            5.691029            4.601685            5.517039            0.000000
  349         1.0079181246047623E+001         6.0971658718612365E-001         6.0962134673009993E-001         3.7415685259406972E+000        -2.4169493682380411E-001         4.7062197887163260E+000        -5.6247007424904816E-001        -2.2000000000000002E+000           -2.396645            6.725800            6.943894            6.335100            5.935977            5.537910            5.043562            4.665872            4.599689            6.099733            6.493478            6.440088            7.024461            6.416647            6.155818            6.492966            5.634556            6.149286            6.497913            6.516417            5.633232            5.643857            6.154053            6.498009            5.627013            4.557363            5.455494            0.000000
  350         1.0079181246047623E+001         6.1653219344532861E-001         6.1643113067650646E-001         3.7456041021183877E+000        -2.3511506177894093E-001         4.6976880856692844E+000        -5.3316801944855985E-001        -2.2000000000000002E+000           -2.401430            6.616648            6.850052            6.256167            5.863304            5.473205            4.988340            4.616319            4.553094            6.026843            6.410674            6.359438            6.926529            6.335864            6.082833            6.410025            5.568596            6.076305            6.415385            6.433127            5.567307            5.578119            6.081064            6.415429            5.561181            4.511408            5.392035            0.000000
  351         1.0079181246047623E+001         6.2326762348330089E-001         6.2316041882262208E-001         3.7496083753987897E+000        -2.2842444944208640E-001         4.6888803511253521E+000        -5.0376970165324275E-001        -2.2000000000000002E+000           -2.406417            6.509302            6.757226            6.177618            5.791168            5.408583            4.933005            4.566549            4.506250            5.954051            6.328511            6.279235            6.829923            6.255579            6.009784            6.327597            5.502745            6.003265            6.333368            6.350380            5.501491            5.512480            6.007998            6.333361            5.495457            4.465245            5.328629            0.000000
  352         1.0079181246047623E+001         6.2993132710068322E-001         6.2981762630926907E-001         3.7535852432061669E+000        -2.2160002403866150E-001         4.6797560992245444E+000        -4.7421337961688553E-001        -2.2000000000000002E+000           -2.411622            6.403535            6.665153            6.099236            5.719324            5.343857            4.877385            4.516425            4.459016            5.881159            6.246737            6.199246            6.734201            6.175558            5.936487            6.245464            5.436811            5.929984            6.251628            6.267946            5.435593            5.446749            5.934676            6.251570            5.429649            4.418730            5.265096            0.000000
  353         1.0079181246047623E+001         6.3651990780050027E-001         6.3639933181072061E-001         3.7575337870857926E+000        -2.1463278608018496E-001         4.6702950212212171E+000        -4.4448472818142826E-001        -2.2000000000000002E+000           -2.417029            6.299284            6.573694            6.020921            5.647643            5.278945            4.821407            4.465894            4.411332            5.808083            6.165223            6.119366            6.639321            6.095685            5.862881            6.163517            5.370707            5.856400            6.170058            6.185719            5.369526            5.380837            5.861036            6.169949            5.363670            4.371803            5.201353            0.000000
  354         1.0079181246047623E+001         6.3941563706316062E-001         6.3929196168328595E-001         3.7592344820435066E+000        -2.1162060608985656E-001         4.6661751607131956E+000        -4.3165758836991319E-001        -2.2000000000000002E+000           -2.419383            6.254856            6.534506            5.987262            5.616877            5.251013            4.797297            4.444133            4.390789            5.776619            6.130230            6.085040            6.598727            6.061372            5.831153            6.128317            5.342264            5.824682            6.135018            6.150399            5.341099            5.352475            5.829292            6.134888            5.335282            4.351599            5.173921            0.000000
  355         1.0079181246047623E+001         6.4239412019702880E-001         6.4226732149582721E-001         3.7609244630378669E+000        -2.0868186665362870E-001         4.6621707134507977E+000        -4.1902018552001624E-001        -2.2000000000000002E+000           -2.421739            6.211295            6.495984            5.954166            5.586665            5.223574            4.773643            4.422820            4.370677            5.745659            6.095825            6.051276            6.558848            6.027627            5.799912            6.093697            5.314318            5.793453            6.100555            6.115654            5.313169            5.324607            5.798034            6.100403            5.307389            4.331831            5.146976            0.000000
  356         1.0079181246047623E+001         6.4534918815513920E-001         6.4521919156979668E-001         3.7626049241085822E+000        -2.0571800659080286E-001         4.6581010509262875E+000        -4.0637062111150524E-001        -2.2000000000000002E+000           -2.424129            6.168084            6.457608            5.921125            5.556499            5.196124            4.749945            4.401452            4.350497            5.714700            6.061494            6.017564            6.519159            5.993939            5.768655            6.059145            5.286365            5.762209            6.066156            6.080979            5.285232            5.296730            5.766759            6.065984            5.279489            4.311998            5.120017            0.000000
  357         1.0079181246047623E+001         6.4827586375134261E-001         6.4814260564372361E-001         3.7642727074586393E+000        -2.0273629986160960E-001         4.6539781215070635E+000        -3.9373607425289092E-001        -2.2000000000000002E+000           -2.426548            6.125304            6.419448            5.888196            5.526439            5.168722            4.726258            4.380078            4.330296            5.683804            6.027302            5.983970            6.479733            5.960374            5.737447            6.024728            5.258462            5.731015            6.031889            6.046441            5.257347            5.268902            5.735533            6.031696            5.251640            4.292147            5.093099            0.000000
  358         1.0079181246047623E+001         6.5115945596426994E-001         6.5102290671080909E-001         3.7659173889913564E+000        -1.9976295219149964E-001         4.6498443826488733E+000        -3.8121065278180355E-001        -2.2000000000000002E+000           -2.428974            6.083251            6.381769            5.855616            5.496713            5.141571            4.702761            4.358868            4.310234            5.653198            5.993493            5.950735            6.440839            5.927172            5.706519            5.990693            5.230819            5.700101            5.997998            6.012286            5.229720            5.241330            5.704586            5.997786            5.224049            4.272436            5.066425            0.000000
  359         1.0079181246047623E+001         6.5402850896398923E-001         6.5388856386353389E-001         3.7675588421052231E+000        -1.9674265532973234E-001         4.6456080062747009E+000        -3.6860424660280033E-001        -2.2000000000000002E+000           -2.431455            6.041313            6.344010            5.822888            5.466847            5.114253            4.679073            4.337469            4.289972            5.622413            5.959553            5.917354            6.401948            5.893827            5.675398            5.956525            5.203001            5.668995            5.963972            5.978000            5.201921            5.213585            5.673446            5.963740            5.196284            4.252530            5.039575            0.000000
  360         1.0079181246047623E+001         6.5685107157180900E-001         6.5670771297535735E-001         3.7691747020007806E+000        -1.9373842559595730E-001         4.6413742620147156E+000        -3.5613234755302081E-001        -2.2000000000000002E+000           -2.433938            6.000162            6.306786            5.790564            5.437350            5.087244            4.655622            4.316279            4.269895            5.591974            5.926048            5.884387            6.363678            5.860899            5.644617            5.922794            5.175503            5.638230            5.930376            5.944151            5.174442            5.186158            5.642645            5.930125            5.168836            4.232807            5.013025            0.000000
  361         1.0079181246047623E+001         6.5965311895427758E-001         6.5950625003402408E-001         3.7707824363108431E+000        -1.9069455720189299E-001         4.6370483878375754E+000        -3.4361367352464145E-001        -2.2000000000000002E+000           -2.436451            5.959232            6.269568            5.758171            5.407780            5.060125            4.632037            4.294952            4.249665            5.561441            5.892491            5.851355            6.325449            5.827910            5.613725            5.889014            5.147902            5.607354            5.896727            5.910255            5.146858            5.158622            5.611733            5.896459            5.141286            4.212938            4.986370            0.000000
  362         1.0079181246047623E+001         6.6246660724270989E-001         6.6231618761276234E-001         3.7723776862861738E+000        -1.8767300853532443E-001         4.6327436973372800E+000        -3.3118957629018231E-001        -2.2000000000000002E+000           -2.438968            5.918896            6.232721            5.726062            5.378479            5.033237            4.608648            4.273816            4.229607            5.531165            5.859237            5.818612            6.287626            5.795211            5.583072            5.855540            5.120535            5.576717            5.863379            5.876666            5.119506            5.131317            5.581060            5.863093            5.113970            4.193244            4.959940            0.000000
  363         1.0079181246047623E+001         6.6550738831464806E-001         6.6535330261965686E-001         3.7740055754859791E+000        -1.8471288052032631E-001         4.6285541010156095E+000        -3.1875776346096418E-001        -2.2000000000000002E+000           -2.441510            5.878642            6.195825            5.693949            5.349234            5.006434            4.585414            4.252896            4.209776            5.500899            5.825962            5.785850            6.249760            5.762500            5.552417            5.822044            5.093244            5.546090            5.830009            5.843052            5.092230            5.104087            5.550378            5.829705            5.086730            4.173790            4.933606            0.000000
  364         1.0079181246047623E+001         6.6850746783729997E-001         6.6834967158786651E-001         3.7756155980201100E+000        -1.8174793513018020E-001         4.6243321173331875E+000        -3.0638778254414989E-001        -2.2000000000000002E+000           -2.444064            5.838931            6.159223            5.662033            5.320160            4.979762            4.562267            4.232050            4.189995            5.470791            5.792905            5.753293            6.212209            5.730019            5.521934            5.788772            5.066086            5.515625            5.796858            5.809664            5.065088            5.076990            5.519875            5.796537            5.059623            4.154386            4.907396            0.000000
  365         1.0079181246047623E+001         6.7147360624405883E-001         6.7131202939438639E-001         3.7772110036141107E+000        -1.7876193005513846E-001         4.6200483818498679E+000        -2.9403415001806393E-001        -2.2000000000000002E+000           -2.446633            5.799625            6.122783            5.630195            5.291143            4.953113            4.539105            4.211181            4.170172            5.440728            5.759943            5.720820            6.174852            5.697624            5.491492            5.755602            5.038955            5.485202            5.763803            5.776380            5.037972            5.049915            5.489413            5.763466            5.032542            4.134941            4.881205            0.000000
  366         1.0079181246047623E+001         6.7440152710372248E-001         6.7423611405311190E-001         3.7787897676245708E+000        -1.7576313736422050E-001         4.6157177005112331E+000        -2.8172150859438572E-001        -2.2000000000000002E+000           -2.449199            5.760787            6.086524            5.598492            5.262236            4.926538            4.515981            4.190340            4.150354            5.410766            5.727132            5.688518            6.137749            5.665372            5.461152            5.722593            5.011902            5.454880            5.730905            5.743256            5.010935            5.022917            5.459053            5.730551            5.005540            4.115502            4.855084            0.000000
  367         1.0079181246047623E+001         6.7729179050974775E-001         6.7712248197939140E-001         3.7803518160279004E+000        -1.7274966102310929E-001         4.6113361450645405E+000        -2.6944636229884522E-001        -2.2000000000000002E+000           -2.451765            5.722401            6.050444            5.566912            5.233424            4.900030            4.492883            4.169515            4.130530            5.380895            5.694475            5.656347            6.100882            5.633251            5.430902            5.689732            4.984918            5.424650            5.698148            5.710281            4.983965            4.995985            5.428784            5.697792            4.978605            4.096057            4.829025            0.000000
  368         1.0079181246047623E+001         6.8014486831062615E-001         6.7997160108272492E-001         3.7818981104392972E+000        -1.6971852686315908E-001         4.6068982462561587E+000        -2.5719891633335823E-001        -2.2000000000000002E+000           -2.454348            5.684431            6.014533            5.535425            5.204678            4.873560            4.469788            4.148685            4.110679            5.351089            5.661942            5.624278            6.064214            5.601231            5.400717            5.657001            4.957975            5.394485            5.665531            5.677438            4.957038            4.969092            5.398581            5.665167            4.951712            4.076586            4.803001            0.000000
  369         1.0079181246047623E+001         6.8295903361531973E-001         6.8278175182942236E-001         3.7834264579389485E+000        -1.6667410165607871E-001         4.6024117671053704E+000        -2.4499667592059224E-001        -2.2000000000000002E+000           -2.456941            5.646921            5.978835            5.504073            5.176037            4.847167            4.446730            4.127883            4.090833            5.321388            5.629557            5.592350            6.027788            5.569353            5.370640            5.624452            4.931113            5.364429            5.633075            5.644777            4.930191            4.942277            5.368486            5.632699            4.924899            4.057118            4.777049            0.000000
  370         1.0079181246047623E+001         6.8573613000716649E-001         6.8555476793319492E-001         3.7849380712828937E+000        -1.6360806405019107E-001         4.5978609165845903E+000        -2.3281814733303602E-001        -2.2000000000000002E+000           -2.459547            5.609806            5.943287            5.472797            5.147442            4.820797            4.423659            4.107059            4.070940            5.291738            5.597261            5.560507            5.991539            5.537558            5.340616            5.592005            4.904277            5.334426            5.600715            5.612218            4.903369            4.915485            5.338446            5.600327            4.898110            4.037605            4.751116            0.000000
  371         1.0079181246047623E+001         6.8847393134887702E-001         6.8828843200444911E-001         3.7864316748784668E+000        -1.6052691844213504E-001         4.5932577546429645E+000        -2.2068144173463106E-001        -2.2000000000000002E+000           -2.462137            5.573128            5.907935            5.441639            5.118933            4.794489            4.400611            4.086248            4.051040            5.262179            5.565096            5.528790            5.955506            5.505888            5.310689            5.559701            4.877506            5.304520            5.568493            5.579804            4.876612            4.888757            5.308503            5.568094            4.871387            4.018082            4.725242            0.000000
  372         1.0079181246047623E+001         6.9117341410061539E-001         6.9098371879339648E-001         3.7879079250706198E+000        -1.5742915841699537E-001         4.5885994349385211E+000        -2.0858092091574010E-001        -2.2000000000000002E+000           -2.464724            5.536864            5.872795            5.410582            5.090492            4.768230            4.377576            4.065441            4.031118            5.232699            5.533044            5.497181            5.919622            5.474325            5.280845            5.527524            4.850786            5.274697            5.536393            5.547517            4.849906            4.862077            5.278643            5.535983            4.844715            3.998535            4.699411            0.000000
  373         1.0079181246047623E+001         6.9384108978219050E-001         6.9364712185430899E-001         3.7893639067164759E+000        -1.5430077617244539E-001         4.5838571783969284E+000        -1.9650022984321541E-001        -2.2000000000000002E+000           -2.467456            5.500971            5.837787            5.379585            5.062075            4.741972            4.354498            4.044578            4.011116            5.203254            5.501065            5.465641            5.883868            5.442831            5.251042            5.495433            4.824070            5.244915            5.504373            5.515317            4.823205            4.835399            5.248826            5.503953            4.818046            3.978907            4.673578            0.000000
  374         1.0079181246047623E+001         6.9654182862461855E-001         6.9634353461725595E-001         3.7907702038223761E+000        -1.5115795439720353E-001         4.5790512048745642E+000        -1.8458939786913106E-001        -2.2000000000000002E+000           -2.471637            5.465902            5.803394            5.349064            5.034046            4.716033            4.331625            4.023854            3.991210            5.174231            5.469589            5.434593            5.848762            5.411829            5.221673            5.463862            4.797688            5.215568            5.472867            5.483639            4.796835            4.809050            5.219444            5.472437            4.791708            3.959364            4.648050            0.000000
  375         1.0079181246047623E+001         6.9920250011359286E-001         6.9899979100890297E-001         3.7921622334954241E+000        -1.4798012120888296E-001         4.5741533995913795E+000        -1.7266561280029807E-001        -2.2000000000000002E+000           -2.475869            5.431081            5.769024            5.318510            5.005957            4.690023            4.308651            4.003024            3.971178            5.145161            5.438089            5.403521            5.813697            5.380802            5.192263            5.432281            4.771236            5.186179            5.441346            5.451950            4.770397            4.782629            5.190022            5.440907            4.765302            3.939694            4.622448            0.000000
  376         1.0079181246047623E+001         7.0182259058585916E-001         7.0161542472271821E-001         3.7935371067873533E+000        -1.4479618240167627E-001         4.5692212273765289E+000        -1.6079824201816753E-001        -2.2000000000000002E+000           -2.480163            5.396682            5.734856            5.288097            4.977976            4.664107            4.285738            3.982248            3.951177            5.116214            5.406738            5.372597            5.778894            5.349920            5.162984            5.400863            4.744881            5.156922            5.409984            5.420426            4.744055            4.756304            5.160732            5.409536            4.738991            3.920052            4.596937            0.000000
  377         1.0079181246047623E+001         7.0440236212462537E-001         7.0419068431502552E-001         3.7948956142371979E+000        -1.4159636843010398E-001         4.5642353222874625E+000        -1.4896458427564405E-001        -2.2000000000000002E+000           -2.484529            5.362639            5.700826            5.257766            4.950045            4.638230            4.262832            3.961469            3.931151            5.087333            5.375477            5.341761            5.744246            5.319126            5.133780            5.369550            4.718566            5.127738            5.378720            5.389007            4.717752            4.730016            5.131517            5.378265            4.712720            3.900383            4.571461            0.000000
  378         1.0079181246047623E+001         7.0693917010861096E-001         7.0672290356120249E-001         3.7962370361331486E+000        -1.3836617881453478E-001         4.5591652302420140E+000        -1.3713851746070446E-001        -2.2000000000000002E+000           -2.488920            5.328886            5.666867            5.227448            4.922094            4.612322            4.239861            3.940618            3.911031            5.058452            5.344238            5.310947            5.709686            5.288351            5.104582            5.338274            4.692223            5.098563            5.347489            5.357625            4.691422            4.703698            5.102312            5.347027            4.686420            3.880617            4.545952            0.000000
  379         1.0079181246047623E+001         7.0943594273557775E-001         7.0921504853568418E-001         3.7975613084622659E+000        -1.3512977184849218E-001         4.5540608884527298E+000        -1.2536861421214721E-001        -2.2000000000000002E+000           -2.493264            5.295535            5.633095            5.197262            4.894242            4.586503            4.216947            3.919815            3.890937            5.029689            5.313138            5.280273            5.675329            5.257713            5.075512            5.307153            4.665971            5.069515            5.316408            5.326398            4.665181            4.677468            5.073234            5.315939            4.660211            3.860874            4.520528            0.000000
  380         1.0079181246047623E+001         7.1189077001292356E-001         7.1166518647879284E-001         3.7988683760835613E+000        -1.3187116591335279E-001         4.5488891208833238E+000        -1.1362313185668840E-001        -2.2000000000000002E+000           -2.497645            5.262500            5.599430            5.167127            4.866408            4.560693            4.194008            3.898977            3.870786            5.000965            5.282098            5.249659            5.641093            5.227133            5.046491            5.276107            4.639729            5.040516            5.285397            5.295247            4.638951            4.651247            5.044206            5.284922            4.634012            3.841071            4.495110            0.000000
  381         1.0079181246047623E+001         7.1430092181535643E-001         7.1407058402197776E-001         3.8001574176029411E+000        -1.2858863606331955E-001         4.5436452784335843E+000        -1.0190190607910390E-001        -2.2000000000000002E+000           -2.502035            5.229778            5.565869            5.137043            4.838591            4.534888            4.171040            3.878099            3.850574            4.972280            5.251116            5.219104            5.606978            5.196610            5.017518            5.245134            4.613496            5.011564            5.254454            5.264169            4.612730            4.625032            5.015227            5.253974            4.607821            3.821202            4.469694            0.000000
  382         1.0079181246047623E+001         7.1667057490979758E-001         7.1643544203458120E-001         3.8014292424537590E+000        -1.2529710719325812E-001         4.5383614019370935E+000        -9.0231548935707492E-002        -2.2000000000000002E+000           -2.506455            5.197423            5.532476            5.107073            4.810855            4.509159            4.148115            3.857255            3.830373            4.943699            5.220257            5.188672            5.573041            5.166208            4.988659            5.214300            4.587339            4.982728            5.223645            5.233229            4.586584            4.598892            4.986364            5.223160            4.581706            3.801342            4.444350            0.000000
  383         1.0079181246047623E+001         7.1899683177496587E-001         7.1875684223604641E-001         3.8026829371039392E+000        -1.2198239116059993E-001         4.5330072676111888E+000        -7.8587338269669932E-002        -2.2000000000000002E+000           -2.510883            5.165371            5.499187            5.077155            4.783137            4.483437            4.125163            3.836373            3.810112            4.915160            5.189459            5.158301            5.539223            5.135864            4.959853            5.183540            4.561193            4.953943            5.192905            5.202365            4.560449            4.572761            4.957554            5.192417            4.555601            3.781416            4.419011            0.000000
  384         1.0079181246047623E+001         7.2130954172156336E-001         7.2106463323462311E-001         3.8039100859883472E+000        -1.1864611473257872E-001         4.5275832925161614E+000        -6.7006189875998046E-002        -2.2000000000000002E+000           -2.515961            5.133718            5.466129            5.047398            4.755532            4.457805            4.102243            3.815494            3.789828            4.886763            5.158833            5.128102            5.505649            5.105690            4.931200            5.152968            4.535142            4.925311            5.162349            5.171689            4.534408            4.546722            4.928898            5.161857            4.529590            3.761462            4.393755            0.000000
  385         1.0079181246047623E+001         7.2365161126078115E-001         7.2340171586016511E-001         3.8050996136415036E+000        -1.1529292519030537E-001         4.5220936300818906E+000        -5.5541700178825544E-002        -2.2000000000000002E+000           -2.522675            5.102600            5.433486            5.017963            4.728182            4.432384            4.079448            3.794685            3.769584            4.858657            5.128548            5.098238            5.472502            5.075853            4.902850            5.122748            4.509312            4.896983            5.132142            5.141367            4.508587            4.520901            4.900548            5.131647            4.503798            3.741537            4.368700            0.000000
  386         1.0079181246047623E+001         7.2595000431951306E-001         7.2569506504044612E-001         3.8062729419857244E+000        -1.1192417622707734E-001         4.5165501814812448E+000        -4.4110888875486511E-002        -2.2000000000000002E+000           -2.529377            5.071774            5.400956            4.988595            4.700868            4.406993            4.056652            3.773867            3.749310            4.830612            5.098337            5.068451            5.439480            5.046088            4.874572            5.092618            4.483514            4.868726            5.102019            5.111135            4.482799            4.495111            4.872270            5.101521            4.478039            3.721578            4.343673            0.000000
  387         1.0079181246047623E+001         7.2820448060759868E-001         7.2794444521100998E-001         3.8074300032237671E+000        -1.0853907786993003E-001         4.5109512447246471E+000        -3.2712447209020161E-002        -2.2000000000000002E+000           -2.536152            5.041229            5.368535            4.959292            4.673589            4.381632            4.033854            3.753036            3.729004            4.802625            5.068198            5.038737            5.406576            5.016394            4.846362            5.062572            4.457747            4.840538            5.071977            5.080987            4.457041            4.469350            4.844061            5.071477            4.452310            3.701582            4.318672            0.000000
  388         1.0079181246047623E+001         7.3041736163445625E-001         7.3015218683490013E-001         3.8085715985613016E+000        -1.0514324167141167E-001         4.5053093597054170E+000        -2.1354393461847081E-002        -2.2000000000000002E+000           -2.542906            5.010978            5.336238            4.930071            4.646364            4.356320            4.011079            3.732215            3.708691            4.774715            5.038148            5.009114            5.373805            4.986788            4.818241            5.032629            4.432031            4.812437            5.042033            5.050943            4.431334            4.443638            4.815941            5.041533            4.426632            3.681575            4.293717            0.000000
  389         1.0079181246047623E+001         7.3258803623012247E-001         7.3231766820632860E-001         3.8096957589908489E+000        -1.0172980953360788E-001         4.4996105201849037E+000        -1.0030887468048507E-002        -2.2000000000000002E+000           -2.549623            4.980959            5.304064            4.900914            4.619173            4.331029            3.988295            3.711382            3.688344            4.746862            5.008162            4.979558            5.341171            4.957248            4.790185            5.002767            4.406339            4.784402            5.012163            5.020977            4.405649            4.417949            4.787888            5.011662            4.400976            3.661530            4.268782            0.000000
  390         1.0079181246047623E+001         7.3471332487046037E-001         7.3443771195259033E-001         3.8108020444027435E+000        -9.8297673875359870E-002         4.4938507392154481E+000         1.2585254960249034E-003        -2.2000000000000002E+000           -2.556321            4.951181            5.271948            4.871748            4.591957            4.305698            3.965468            3.690547            3.667960            4.718996            4.978161            4.949994            5.308621            4.927697            4.762127            4.972920            4.380607            4.756365            4.982294            4.991019            4.379924            4.392220            4.759833            4.981796            4.375280            3.641440            4.243808            0.000000
  391         1.0079181246047623E+001         7.3679659201320213E-001         7.3651568232086007E-001         3.8118903372514676E+000        -9.4847637131139417E-002         4.4880333675027186E+000         1.2511770379363267E-002        -2.2000000000000002E+000           -2.562972            4.921561            5.239979            4.842659            4.564789            4.280392            3.942636            3.669701            3.647546            4.691195            4.948231            4.920505            5.276237            4.898221            4.734144            4.943161            4.354905            4.728402            4.952505            4.961147            4.354228            4.366518            4.731853            4.952012            4.349612            3.621319            4.218855            0.000000
  392         1.0079181246047623E+001         7.3884056236702667E-001         7.3855430768855412E-001         3.8129614809870205E+000        -9.1378609393194365E-002         4.4821577080229984E+000         2.3734400797464042E-002        -2.2000000000000002E+000           -2.569701            4.892081            5.208143            4.813634            4.537663            4.255104            3.919789            3.648835            3.627093            4.663452            4.918365            4.891082            5.244006            4.868811            4.706225            4.913478            4.329223            4.700502            4.922787            4.931350            4.328552            4.340836            4.703937            4.922298            4.323965            3.601159            4.193916            0.000000
  393         1.0079181246047623E+001         7.4084531502798590E-001         7.4055366622772045E-001         3.8140151294004045E+000        -8.7891533641013458E-002         4.4762256548024029E+000         3.4923145955361994E-002        -2.2000000000000002E+000           -2.576343            4.862751            5.176445            4.784683            4.510583            4.229838            3.896934            3.627951            3.606605            4.635770            4.888571            4.861733            5.211932            4.839474            4.678375            4.883880            4.303568            4.672672            4.893148            4.901636            4.302903            4.315180            4.676090            4.892665            4.298343            3.580961            4.168996            0.000000
  394         1.0079181246047623E+001         7.4280856148750218E-001         7.4251147150103436E-001         3.8150499515294731E+000        -8.4392363414889510E-002         4.4702478200029701E+000         4.6060774923882331E-002        -2.2000000000000002E+000           -2.582843            4.833614            5.144933            4.755849            4.483593            4.204636            3.874107            3.607084            3.586116            4.608195            4.858896            4.832503            5.180061            4.810255            4.650637            4.854413            4.277980            4.644953            4.863635            4.872051            4.277321            4.289590            4.648356            4.863158            4.272789            3.560761            4.144136            0.000000
  395         1.0079181246047623E+001         7.4472951501404228E-001         7.4442693685120354E-001         3.8160659637611234E+000        -8.0876088975822449E-002         4.4642137674774514E+000         5.7157372728620003E-002        -2.2000000000000002E+000           -2.589215            4.804642            5.113578            4.727108            4.456670            4.179473            3.851285            3.586209            3.565602            4.580701            4.829317            4.803369            5.148366            4.781131            4.622986            4.825052            4.252437            4.617322            4.834222            4.842572            4.251782            4.264043            4.620710            4.833752            4.247277            3.540534            4.119311            0.000000
  396         1.0079181246047623E+001         7.4661129636643930E-001         7.4630318023055375E-001         3.8170620377631481E+000        -7.7340031533759318E-002         4.4581198749713895E+000         6.8213783620845403E-002        -2.2000000000000002E+000           -2.595495            4.775834            5.082383            4.698462            4.429811            4.154347            3.828459            3.565313            3.545050            4.553288            4.799838            4.774332            5.116848            4.752104            4.595421            4.795799            4.226933            4.589777            4.804914            4.813200            4.226285            4.238536            4.593150            4.804451            4.221806            3.520266            4.094518            0.000000
  397         1.0079181246047623E+001         7.4845409367529747E-001         7.4814039780801200E-001         3.8180395496679358E+000        -7.3789672744271201E-002         4.4519771646667401E+000         7.9224548818971077E-002        -2.2000000000000002E+000           -2.601672            4.747198            5.051357            4.669923            4.403034            4.129275            3.805650            3.544419            3.524486            4.525971            4.770472            4.745406            5.085514            4.723188            4.567957            4.766668            4.201489            4.562331            4.775723            4.783950            4.200845            4.213086            4.565691            4.775268            4.196393            3.499982            4.069774            0.000000
  398         1.0079181246047623E+001         7.5025866707672106E-001         7.4993933835651239E-001         3.8189965468293283E+000        -7.0217825057906968E-002         4.4457716422607083E+000         9.0196232837270518E-002        -2.2000000000000002E+000           -2.607859            4.718721            5.020491            4.641481            4.376323            4.104238            3.782835            3.523497            3.503876            4.498735            4.741210            4.716581            5.054356            4.694373            4.540578            4.737648            4.176085            4.534972            4.746640            4.754811            4.175446            4.187676            4.538317            4.746193            4.171020            3.479650            4.045061            0.000000
  399         1.0079181246047623E+001         7.5202556922908337E-001         7.5170056503861471E-001         3.8199337571267824E+000        -6.6628172463723323E-002         4.4395109732541940E+000         1.0112437921545583E-001        -2.2000000000000002E+000           -2.614043            4.690409            4.989792            4.613147            4.349691            4.079250            3.760029            3.502563            3.483242            4.471592            4.712064            4.687869            5.023378            4.665669            4.513297            4.708750            4.150735            4.507710            4.717674            4.725794            4.150100            4.162319            4.511042            4.717236            4.145700            3.459287            4.020393            0.000000
  400         1.0079181246047623E+001         7.5375570938870118E-001         7.5342497954503751E-001         3.8208505835210254E+000        -6.3018403506767420E-002         4.4331909705409744E+000         1.1201122270633852E-001        -2.2000000000000002E+000           -2.619861            4.662260            4.959250            4.584910            4.323127            4.054301            3.737221            3.481606            3.462568            4.444532            4.683024            4.659257            4.992572            4.637067            4.486100            4.679964            4.125429            4.480533            4.688818            4.696889            4.124798            4.137004            4.483851            4.688388            4.120423            3.438882            3.995759            0.000000
  401         1.0079181246047623E+001         7.5544819177245992E-001         7.5511169107670439E-001         3.8217471361840216E+000        -5.9388823217969261E-002         4.4268117313841895E+000         1.2285659393592104E-001        -2.2000000000000002E+000           -2.625689            4.634268            4.928872            4.556778            4.296638            4.029396            3.714413            3.460625            3.441857            4.417561            4.654101            4.630757            4.961943            4.608575            4.458995            4.651298            4.100171            4.453448            4.660079            4.668104            4.099545            4.111738            4.456754            4.659658            4.095195            3.418434            3.971163            0.000000
  402         1.0079181246047623E+001         7.5710514509135418E-001         7.5676282569583675E-001         3.8226225160485092E+000        -5.5738213139700815E-002         4.4203719778489470E+000         1.3365933355040660E-001        -2.2000000000000002E+000           -2.630946            4.606441            4.898650            4.528745            4.270218            4.004528            3.691601            3.439615            3.421104            4.390670            4.625288            4.602362            4.931484            4.580187            4.431975            4.622746            4.074955            4.426448            4.631452            4.639435            4.074333            4.086513            4.429741            4.631040            4.070008            3.397939            3.946599            0.000000
  403         1.0079181246047623E+001         7.5872661610491643E-001         7.5837843116129022E-001         3.8234774967958582E+000        -5.2068851380560881E-002         4.4138763296278727E+000         1.4441798005808393E-001        -2.2000000000000002E+000           -2.635695            4.578778            4.868589            4.500816            4.243871            3.979704            3.668791            3.418584            3.400317            4.363869            4.596591            4.574077            4.901199            4.551909            4.405046            4.594315            4.049790            4.399539            4.602942            4.610886            4.049171            4.061337            4.402820            4.602540            4.044871            3.377405            3.922076            0.000000
  404         1.0079181246047623E+001         7.6031253526278819E-001         7.5995844303747884E-001         3.8243107184994622E+000        -4.8377417334084072E-002         4.4073181415562450E+000         1.5513373496545357E-001        -2.2000000000000002E+000           -2.640471            4.551275            4.838698            4.473000            4.217606            3.954928            3.645981            3.397522            3.379486            4.337161            4.568021            4.545911            4.871095            4.523751            4.378213            4.566011            4.024677            4.372725            4.574560            4.582467            4.024063            4.036212            4.375995            4.574166            4.019785            3.356821            3.897593            0.000000
  405         1.0079181246047623E+001         7.6186412201556541E-001         7.6150407639193840E-001         3.8251230365318105E+000        -4.4666424758274766E-002         4.4007030484153482E+000         1.6580499224646134E-001        -2.2000000000000002E+000           -2.645056            4.523933            4.808976            4.445298            4.191424            3.930202            3.623177            3.376436            3.358619            4.310550            4.539579            4.517867            4.841170            4.495714            4.351478            4.537838            3.999620            4.346011            4.546305            4.554178            3.999010            4.011143            4.349268            4.545920            3.994756            3.336196            3.873156            0.000000
  406         1.0079181246047623E+001         7.6338166585404110E-001         7.6301562291854086E-001         3.8259144109407819E+000        -4.0934762423080695E-002         4.3940290172403600E+000         1.7643381455273777E-001        -2.2000000000000002E+000           -2.649426            4.496746            4.779415            4.417706            4.165320            3.905522            3.600372            3.355322            3.337712            4.284029            4.511261            4.489938            4.811418            4.467792            4.324835            4.509788            3.974615            4.319388            4.518173            4.526015            3.974009            3.986125            4.322634            4.517797            3.969777            3.315524            3.848759            0.000000
  407         1.0079181246047623E+001         7.6486617174022675E-001         7.6449408610609049E-001         3.8266849890248746E+000        -3.7181510319408896E-002         4.3872947131557058E+000         1.8702263109645273E-001        -2.2000000000000002E+000           -2.653572            4.469707            4.750009            4.390216            4.139288            3.880882            3.577563            3.334172            3.316758            4.257591            4.483059            4.462119            4.781830            4.439979            4.298277            4.481856            3.949655            4.292852            4.490157            4.497970            3.949053            3.961152            4.296087            4.489791            3.944844            3.294800            3.824397            0.000000
  408         1.0079181246047623E+001         7.6631808961490178E-001         7.6593991668496386E-001         3.8274345508039254E+000        -3.3405576845370773E-002         4.3804982235146266E+000         1.9757274516073273E-001        -2.2000000000000002E+000           -2.657462            4.442811            4.720754            4.362827            4.113326            3.856279            3.554745            3.312982            3.295753            4.231235            4.454974            4.434408            4.752402            4.412274            4.271802            4.454040            3.924738            4.266398            4.462256            4.470043            3.924140            3.936220            4.269622            4.461899            3.919952            3.274019            3.800066            0.000000
  409         1.0079181246047623E+001         7.6773810153249822E-001         7.6735379627891132E-001         3.8281628846725448E+000        -2.9608206631710560E-002         4.3736424108508016E+000         2.0808082106253084E-001        -2.2000000000000002E+000           -2.661124            4.416064            4.691660            4.335548            4.087441            3.831721            3.531926            3.291757            3.274704            4.204969            4.427013            4.406814            4.723145            4.384686            4.245419            4.426349            3.899871            4.240036            4.434480            4.442242            3.899277            3.911339            4.243249            4.434131            3.895111            3.253187            3.775775            0.000000
  410         1.0079181246047623E+001         7.6912803183739065E-001         7.6873754460582444E-001         3.8288701851785714E+000        -2.5787198594705525E-002         4.3667237592579449E+000         2.1855203916064425E-001        -2.2000000000000002E+000           -2.665353            4.389451            4.662727            4.308383            4.061639            3.807209            3.509101            3.270491            3.253603            4.178795            4.399181            4.379340            4.694056            4.357219            4.219129            4.398785            3.875057            4.213767            4.406829            4.414569            3.874467            3.886509            4.216969            4.406489            3.870321            3.232297            3.751523            0.000000
  411         1.0079181246047623E+001         7.7048763825107069E-001         7.7009092137715174E-001         3.8295559717330399E+000        -2.1943017091616779E-002         4.3597431862534552E+000         2.2898354838469831E-001        -2.2000000000000002E+000           -2.668944            4.362982            4.633943            4.281315            4.035902            3.782729            3.486264            3.249178            3.232446            4.152699            4.371464            4.351973            4.665124            4.329858            4.192917            4.371335            3.850282            4.187577            4.379292            4.387012            3.849696            3.861718            4.190769            4.378962            3.845570            3.211344            3.727299            0.000000
  412         1.0079181246047623E+001         7.7181990957788238E-001         7.7141690511989935E-001         3.8302215907279136E+000        -1.8072242205290266E-002         4.3526953579406236E+000         2.3938757413684639E-001        -2.2000000000000002E+000           -2.670924            4.336629            4.605255            4.254298            4.010183            3.758242            3.463381            3.227795            3.211209            4.126633            4.343814            4.324663            4.636301            4.302553            4.166738            4.343950            3.825504            4.161419            4.351820            4.359521            3.824922            3.836924            4.164601            4.351498            3.820816            3.190305            3.703062            0.000000
  413         1.0079181246047623E+001         7.7312467790198547E-001         7.7271532770154017E-001         3.8308649619793735E+000        -1.4173281927319183E-002         4.3455770154722444E+000         2.4975897969862765E-001        -2.2000000000000002E+000           -2.673412            4.310397            4.576721            4.227385            3.984535            3.733787            3.440475            3.206347            3.189899            4.100647            4.316285            4.297464            4.607636            4.275360            4.140641            4.316684            3.800765            4.135343            4.324467            4.332151            3.800186            3.812167            4.138515            4.324153            3.796100            3.169185            3.678851            0.000000
  414         1.0079181246047623E+001         7.7440242027962136E-001         7.7398666493120283E-001         3.8314865431405107E+000        -1.0248881601472569E-002         4.3383938814150484E+000         2.6009410499487134E-001        -2.2000000000000002E+000           -2.676206            4.284292            4.548343            4.200580            3.958963            3.709372            3.417558            3.184847            3.168528            4.074749            4.288881            4.270383            4.579134            4.248285            4.114631            4.289540            3.776072            4.109355            4.297237            4.304906            3.775497            3.787457            4.112517            4.296931            3.771429            3.147998            3.654672            0.000000
  415         1.0079181246047623E+001         7.7565534779490353E-001         7.7523312296107849E-001         3.8320866354397323E+000        -6.2971630201763430E-003         4.3311433364729668E+000         2.7039791135434577E-001        -2.2000000000000002E+000           -2.678259            4.258307            4.520091            4.173855            3.933436            3.684969            3.394607            3.163279            3.147080            4.048906            4.261574            4.243389            4.550765            4.221296            4.088678            4.262491            3.751398            4.083425            4.270100            4.277756            3.750827            3.762765            4.086577            4.269803            3.746778            3.126727            3.630501            0.000000
  416         1.0079181246047623E+001         7.7688484764844012E-001         7.7645608400793953E-001         3.8326649354827369E+000        -2.3158864683892728E-003         4.3238216304409676E+000         2.8067366462993920E-001        -2.2000000000000002E+000           -2.681679            4.232424            4.491992            4.147237            3.907984            3.660601            3.371634            3.141643            3.125557            4.023149            4.234392            4.216510            4.522553            4.194424            4.062811            4.235562            3.726767            4.057580            4.243084            4.250729            3.726199            3.738116            4.060722            4.242796            3.722167            3.105373            3.606357            0.000000
  417         1.0079181246047623E+001         7.7809237991028413E-001         7.7765700145850158E-001         3.8332223337392506E+000         1.6965666855902040E-003         4.3164262770952639E+000         2.9092816396395282E-001        -2.2000000000000002E+000           -2.682425            4.206642            4.463960            4.120641            3.882519            3.636195            3.348587            3.119907            3.103925            3.997390            4.207248            4.189661            4.494420            4.167579            4.036946            4.208671            3.702102            4.031736            4.216106            4.223740            3.701539            3.713433            4.034870            4.215826            3.697524            3.083905            3.582171            0.000000
  418         1.0079181246047623E+001         7.7927552712064463E-001         7.7883346402429277E-001         3.8337551785462400E+000         5.7413551713790378E-003         4.3089536363761285E+000         3.0114912016349105E-001        -2.2000000000000002E+000           -2.686414            4.180966            4.436134            4.094201            3.857173            3.611857            3.325534            3.098104            3.082220            3.971761            4.180279            4.162976            4.466490            4.140901            4.011209            4.181947            3.677516            4.006021            4.189297            4.196923            3.676955            3.688828            4.009145            4.189024            3.672957            3.062353            3.558043            0.000000
  419         1.0079181246047623E+001         7.8043533103107976E-001         7.7998651770311977E-001         3.8342666025818106E+000         9.8110715869252126E-003         4.3014189511956218E+000         3.1133424913686403E-001        -2.2000000000000002E+000           -2.685866            4.155436            4.408386            4.067790            3.831821            3.587492            3.302426            3.076226            3.060430            3.946136            4.153360            4.136329            4.438654            4.114258            3.985482            4.155272            3.652906            3.980316            4.162536            4.170154            3.652349            3.664200            3.983431            4.162271            3.648368            3.040713            3.533885            0.000000
  420         1.0079181246047623E+001         7.8157129265725322E-001         7.8111566870314886E-001         3.8347529959142452E+000         1.3910775666233314E-002         4.2938118170184758E+000         3.2147923062522132E-001        -2.2000000000000002E+000           -2.688599            4.130027            4.380861            4.041554            3.806604            3.563211            3.279326            3.054292            3.038579            3.920658            4.126634            4.109866            4.411041            4.087801            3.959901            4.128782            3.628392            3.954757            4.135962            4.143575            3.627837            3.639666            3.957863            4.135705            3.623871            3.019001            3.509800            0.000000
  421         1.0079181246047623E+001         7.8268048168764204E-001         7.8221800112004614E-001         3.8352143002467978E+000         1.8034501753461198E-002         4.2861425811466214E+000         3.3157190012988513E-001        -2.2000000000000002E+000           -2.689509            4.104793            4.353512            4.015439            3.781467            3.538973            3.256220            3.032311            3.016672            3.895272            4.100051            4.083533            4.383611            4.061474            3.934416            4.102431            3.603927            3.929293            4.109528            4.117136            3.603376            3.615182            3.932391            4.109278            3.599425            2.997226            3.485752            0.000000
  422         1.0079181246047623E+001         7.8376393152637391E-001         7.8329455846993445E-001         3.8356496101086015E+000         2.2180771636839867E-002         4.2784146281890507E+000         3.4160567934385644E-001        -2.2000000000000002E+000           -2.689767            4.079744            4.326376            3.989484            3.756447            3.514811            3.233130            3.010297            2.994725            3.870016            4.073650            4.057370            4.356402            4.035316            3.909062            4.076256            3.579547            3.903960            4.083271            4.090875            3.578999            3.590783            3.907050            4.083028            3.575062            2.975403            3.461772            0.000000
  423         1.0079181246047623E+001         7.8482158182659123E-001         7.8434528378854940E-001         3.8360576284976040E+000         2.6353435385347783E-002         4.2706202017084198E+000         3.5158308039688191E-001        -2.2000000000000002E+000           -2.690886            4.054868            4.299475            3.963708            3.731561            3.490733            3.210056            2.988240            2.972728            3.844906            4.047450            4.031396            4.329432            4.009347            3.883857            4.050275            3.555263            3.878776            4.057208            4.064811            3.554717            3.566479            3.881858            4.056973            3.550794            2.953521            3.437867            0.000000
  424         1.0079181246047623E+001         7.8585029683478158E-001         7.8536705793569395E-001         3.8364378871009741E+000         3.0543951048347794E-002         4.2627746577902821E+000         3.6148514613636051E-001        -2.2000000000000002E+000           -2.692135            4.030215            4.272847            3.938148            3.706845            3.466779            3.187038            2.966182            2.950724            3.819979            4.021489            4.005648            4.302739            3.983606            3.858838            4.024525            3.531111            3.853778            4.031379            4.038981            3.530568            3.542309            3.856852            4.031151            3.526658            2.931622            3.414076            0.000000
  425         1.0079181246047623E+001         7.8685035058523045E-001         7.8636016848665280E-001         3.8367874399693767E+000         3.4753845802352995E-002         4.2548749966047250E+000         3.7130314711798251E-001        -2.2000000000000002E+000           -2.693425            4.005809            4.246523            3.912827            3.682317            3.442961            3.164082            2.944121            2.928710            3.795255            3.995794            3.980152            4.276356            3.958115            3.834024            3.999033            3.507106            3.828985            4.005810            4.013412            3.506565            3.518285            3.832051            4.005589            3.502667            2.909703            3.390411            0.000000
  426         1.0079181246047623E+001         7.8782033388902439E-001         7.8732321327487154E-001         3.8371048613296339E+000         3.8982215186162114E-002         4.2469223275863683E+000         3.8102957132663240E-001        -2.2000000000000002E+000           -2.694008            3.981672            4.220515            3.887757            3.657983            3.419284            3.141194            2.922065            2.906692            3.770741            3.970376            3.954917            4.250296            3.932886            3.809425            3.973809            3.483255            3.804405            3.980510            3.988116            3.482716            3.494416            3.807464            3.980297            3.478830            2.887772            3.366877            0.000000
  427         1.0079181246047623E+001         7.8875970286082819E-001         7.8825567158633736E-001         3.8373900511314041E+000         4.3221767793752669E-002         4.2389309346264659E+000         3.9064943574889283E-001        -2.2000000000000002E+000           -2.694351            3.957838            4.194871            3.862983            3.633890            3.395793            3.118415            2.900051            2.884709            3.746483            3.945281            3.929991            4.224606            3.907965            3.785086            3.948899            3.459603            3.780085            3.955528            3.963136            3.459065            3.470745            3.783137            3.955320            3.455189            2.865865            3.343519            0.000000
  428         1.0079181246047623E+001         7.8966790213404414E-001         7.8915698698687531E-001         3.8376381467955190E+000         4.7485831331942153E-002         4.2308740399709288E+000         4.0016994548173207E-001        -2.2000000000000002E+000           -2.696641            3.934286            4.169618            3.838524            3.610051            3.372487            3.095723            2.878036            2.862720            3.722496            3.920532            3.905393            4.199308            3.883375            3.761020            3.924323            3.436149            3.756038            3.930881            3.938495            3.435614            3.447274            3.759083            3.930680            3.431747            2.843940            3.320330            0.000000
  429         1.0079181246047623E+001         7.9054391737981589E-001         7.9002616891145672E-001         3.8378502040377414E+000         5.1758330294867760E-002         4.2227833022513561E+000         4.0956317237647244E-001        -2.2000000000000002E+000           -2.695064            3.911106            4.144741            3.814364            3.586444            3.349362            3.073143            2.856072            2.840772            3.698759            3.896114            3.881109            4.174401            3.859095            3.737214            3.900069            3.412890            3.732249            3.906559            3.914180            3.412356            3.423998            3.735288            3.906364            3.408498            2.822047            3.297314            0.000000
  430         1.0079181246047623E+001         7.9138734534184652E-001         7.9086282270123420E-001         3.8380217225981372E+000         5.6047805149873897E-002         4.2146416286548893E+000         4.1882819632806889E-001        -2.2000000000000002E+000           -2.695667            3.888279            4.120344            3.790601            3.563166            3.326490            3.050708            2.834157            2.818866            3.675370            3.872127            3.857236            4.149976            3.835228            3.713758            3.876231            3.389900            3.708810            3.882657            3.890285            3.389367            3.400992            3.711843            3.882468            3.385516            2.800182            3.274534            0.000000
  431         1.0079181246047623E+001         7.9219932752012179E-001         7.9166809121147619E-001         3.8381524082771938E+000         6.0357302197958637E-002         4.2064435823966315E+000         4.2796993314046455E-001        -2.2000000000000002E+000           -2.696143            3.865803            4.096384            3.767190            3.540168            3.303826            3.028382            2.812263            2.796974            3.652279            3.848526            3.833730            4.125994            3.811728            3.690607            3.852767            3.367135            3.685675            3.859132            3.866770            3.366602            3.378211            3.688702            3.858948            3.362758            2.778319            3.251949            0.000000
  432         1.0079181246047623E+001         7.9298051490185828E-001         7.9244262993668113E-001         3.8382421586036379E+000         6.4688045999050647E-002         4.1981870706059432E+000         4.3699042204842664E-001        -2.2000000000000002E+000           -2.696008            3.843675            4.072849            3.744118            3.517436            3.281360            3.006158            2.790384            2.775089            3.629475            3.825299            3.810580            4.102445            3.788583            3.667749            3.829665            3.344584            3.662832            3.835972            3.843620            3.344051            3.355645            3.665854            3.835793            3.340212            2.756451            3.229547            0.000000
  433         1.0079181246047623E+001         7.9373186183054112E-001         7.9318739771970659E-001         3.8382907815964922E+000         6.9037744808061616E-002         4.1898772315445765E+000         4.4588431163786257E-001        -2.2000000000000002E+000           -2.695796            3.821905            4.049762            3.721408            3.494993            3.259112            2.984053            2.768533            2.753226            3.606979            3.802469            3.787806            4.079350            3.765815            3.645205            3.806946            3.322267            3.640302            3.813198            3.820859            3.321735            3.333315            3.643320            3.813025            3.317899            2.734593            3.207349            0.000000
  434         1.0079181246047623E+001         7.9445456200765374E-001         7.9390358716859977E-001         3.8382977778246170E+000         7.3412556087755015E-002         4.1815023163414011E+000         4.5466191910974951E-001        -2.2000000000000002E+000           -2.696861            3.800463            4.027118            3.699055            3.472835            3.237073            2.962050            2.746689            2.731362            3.584788            3.780030            3.765405            4.056701            3.743420            3.622971            3.784605            3.300176            3.618080            3.790806            3.798481            3.299644            3.311212            3.621094            3.790638            3.295811            2.712721            3.185344            0.000000
  435         1.0079181246047623E+001         7.9515067428977049E-001         7.9459325050678764E-001         3.8382645524001822E+000         7.7813381106796128E-002         4.1730615524755192E+000         4.6333066745009205E-001        -2.2000000000000002E+000           -2.695522            3.779344            4.004844            3.676986            3.450886            3.215180            2.940105            2.724823            2.709469            3.562824            3.757911            3.743303            4.034434            3.721323            3.600974            3.762571            3.278248            3.596096            3.768724            3.776415            3.277715            3.289271            3.599106            3.768561            3.273884            2.690810            3.163472            0.000000
  436         1.0079181246047623E+001         7.9582208669074217E-001         7.9525826850842762E-001         3.8381899551204377E+000         8.2246537338460060E-002         4.1645432348794822E+000         4.7189859079444124E-001        -2.2000000000000002E+000           -2.695464            3.758514            3.982973            3.655235            3.429184            3.193458            2.918224            2.702925            2.687538            3.541127            3.736146            3.721535            4.012575            3.699561            3.579247            3.740877            3.256507            3.574380            3.746986            3.754693            3.255974            3.267519            3.577387            3.746826            3.252143            2.668848            3.141756            0.000000
  437         1.0079181246047623E+001         7.9646944451747981E-001         7.9589928949147004E-001         3.8380739677330373E+000         8.6712692564904076E-002         4.1559463453307828E+000         4.8036695169773103E-001        -2.2000000000000002E+000           -2.695202            3.737977            3.961485            3.633780            3.407703            3.171886            2.896394            2.680987            2.665559            3.519670            3.714711            3.700078            3.991104            3.678110            3.557768            3.719501            3.234933            3.552910            3.725568            3.733294            3.234399            3.245935            3.555915            3.725413            3.230567            2.646826            3.120174            0.000000
  438         1.0079181246047623E+001         7.9709321292954238E-001         7.9651678394617065E-001         3.8379173400804154E+000         9.1210416264574171E-002         4.1472739845088773E+000         4.8873588848657856E-001        -2.2000000000000002E+000           -2.695637            3.717728            3.940391            3.612633            3.386457            3.150476            2.874623            2.659014            2.643540            3.498466            3.693619            3.678945            3.970031            3.656982            3.536548            3.698452            3.213539            3.531698            3.704483            3.712228            3.213003            3.224532            3.534701            3.704331            3.209169            2.624752            3.098740            0.000000
  439         1.0079181246047623E+001         7.9769366502136119E-001         7.9711102763613684E-001         3.8377198804437387E+000         9.5739644109749750E-002         4.1385264543539488E+000         4.9700450563022813E-001        -2.2000000000000002E+000           -2.695146            3.697775            3.919671            3.591774            3.365424            3.129211            2.852901            2.637002            2.621475            3.477493            3.672852            3.658115            3.949342            3.636158            3.515568            3.677716            3.192306            3.510725            3.683712            3.691478            3.191769            3.203291            3.513726            3.683564            3.187932            2.602621            3.077435            0.000000
  440         1.0079181246047623E+001         7.9827068820341895E-001         7.9768191832291557E-001         3.8374793142788342E+000         1.0030187333274618E-001         4.1297007218103552E+000         5.0516669941660031E-001        -2.2000000000000002E+000           -2.693842            3.678138            3.899352            3.571224            3.344620            3.108102            2.831233            2.614950            2.599363            3.456769            3.652431            3.637612            3.929063            3.615659            3.494845            3.657312            3.171247            3.490008            3.663277            3.671067            3.170708            3.182225            3.493008            3.663133            3.166867            2.580432            3.056273            0.000000
  441         1.0079181246047623E+001         7.9882600162234985E-001         7.9823116768858482E-001         3.8371967754139429E+000         1.0490030628296540E-001         4.1207912940963229E+000         5.1323340985747301E-001        -2.2000000000000002E+000           -2.692849            3.658784            3.879420            3.550971            3.324038            3.087140            2.809607            2.592845            2.577190            3.436285            3.632345            3.617421            3.909176            3.595474            3.474368            3.637228            3.150353            3.469536            3.643167            3.650981            3.149812            3.161325            3.472536            3.643025            3.145965            2.558170            3.035241            0.000000
  442         1.0079181246047623E+001         7.9936086276549534E-001         7.9876002929618783E-001         3.8368732412312414E+000         1.0953432056164825E-001         4.1118000855326251E+000         5.2120730168403595E-001        -2.2000000000000002E+000           -2.692677            3.639702            3.859873            3.531015            3.303678            3.066327            2.788025            2.570688            2.554960            3.416041            3.612592            3.597545            3.889680            3.575602            3.454138            3.617463            3.129626            3.449309            3.623379            3.631220            3.129081            3.140593            3.452309            3.623240            3.125227            2.535839            3.014343            0.000000
  443         1.0079181246047623E+001         7.9987467889474262E-001         7.9926792622835852E-001         3.8365088519742878E+000         1.1419962332672796E-001         4.1027353787617811E+000         5.2908035018638022E-001        -2.2000000000000002E+000           -2.691186            3.620923            3.840704            3.511348            3.283529            3.045657            2.766490            2.548490            2.532681            3.396025            3.593165            3.577973            3.870571            3.556035            3.434146            3.598011            3.109059            3.429318            3.603907            3.611776            3.108511            3.120021            3.432320            3.603771            3.104649            2.513449            2.993573            0.000000
  444         1.0079181246047623E+001         8.0036851601835712E-001         7.9975592418357677E-001         3.8361043098382259E+000         1.1889920235491355E-001         4.0935916949942843E+000         5.3686133969849981E-001        -2.2000000000000002E+000           -2.690811            3.602414            3.821923            3.491982            3.263608            3.025143            2.745008            2.526248            2.510353            3.376253            3.574075            3.558719            3.851854            3.536785            3.414404            3.578882            3.088664            3.409577            3.584761            3.592660            3.088113            3.099623            3.412580            3.584627            3.084242            2.490999            2.972943            0.000000
  445         1.0079181246047623E+001         8.0084190913647690E-001         8.0022357060214588E-001         3.8356577776623739E+000         1.2363168588573786E-001         4.0843714774133613E+000         5.4454017805674226E-001        -2.2000000000000002E+000           -2.689412            3.584214            3.803535            3.472916            3.243906            3.004777            2.723573            2.503963            2.487974            3.356719            3.555324            3.539781            3.833541            3.517853            3.394909            3.560077            3.068437            3.390081            3.565944            3.573875            3.067882            3.079394            3.393087            3.565813            3.064000            2.468486            2.952446            0.000000
  446         1.0079181246047623E+001         8.0129490829771766E-001         8.0067092590772293E-001         3.8351690670582519E+000         1.2838946680373772E-001         4.0750900146214022E+000         5.5210089747625635E-001        -2.2000000000000002E+000           -2.689218            3.566351            3.785613            3.454223            3.224500            2.984630            2.702246            2.481682            2.465593            3.337496            3.536984            3.521235            3.815699            3.499311            3.375732            3.541669            3.048445            3.370902            3.547528            3.555492            3.047886            3.059401            3.373910            3.547398            3.043992            2.445961            2.932151            0.000000
  447         1.0079181246047623E+001         8.0172833444011093E-001         8.0109880576236403E-001         3.8346382809267281E+000         1.3317529713362042E-001         4.0657422425967535E+000         5.5954941360992561E-001        -2.2000000000000002E+000           -2.686638            3.548830            3.768095            3.435839            3.205320            2.964642            2.680984            2.459380            2.443183            3.318516            3.518995            3.503014            3.798275            3.481094            3.356812            3.523597            3.028631            3.351976            3.529451            3.537450            3.028068            3.039587            3.354989            3.529322            3.024161            2.423395            2.912002            0.000000
  448         1.0079181246047623E+001         8.0214229262256620E-001         8.0150732021862914E-001         3.8340625840699718E+000         1.3799321583461416E-001         4.0563201561352518E+000         5.6688246358488770E-001        -2.2000000000000002E+000           -2.685581            3.531644            3.751055            3.417831            3.186431            2.944863            2.659813            2.437058            2.420745            3.299845            3.501422            3.485189            3.781334            3.463273            3.338207            3.505926            3.009046            3.333365            3.511779            3.519816            3.008478            3.020003            3.336383            3.511652            3.004557            2.400790            2.892043            0.000000
  449         1.0079181246047623E+001         8.0253750753323905E-001         8.0189719698194029E-001         3.8334465863645333E+000         1.4283299084989673E-001         4.0468446332982193E+000         5.7409802279369848E-001        -2.2000000000000002E+000           -2.684594            3.514801            3.734464            3.400181            3.167823            2.925293            2.638749            2.414750            2.398314            3.281470            3.484244            3.467738            3.764850            3.445826            3.319906            3.488637            2.989688            3.315057            3.494492            3.502569            2.989115            3.000647            3.318079            3.494366            2.985178            2.378182            2.872278            0.000000
  450         1.0079181246047623E+001         8.0291453402687174E-001         8.0226898974053173E-001         3.8327894392619566E+000         1.4769815821069643E-001         4.0373088747591730E+000         5.8119976910498972E-001        -2.2000000000000002E+000           -2.683187            3.498297            3.718312            3.382873            3.149477            2.905916            2.617776            2.392441            2.375872            3.263372            3.467449            3.450647            3.748815            3.428739            3.301893            3.471716            2.970540            3.297034            3.477576            3.485695            2.969961            2.981501            3.300063            3.477451            2.966007            2.355554            2.852691            0.000000
  451         1.0079181246047623E+001         8.0327162695218624E-001         8.0262099543508736E-001         3.8320900404862206E+000         1.5257882602357398E-001         4.0277316399688070E+000         5.8816350962780350E-001        -2.2000000000000002E+000           -2.680419            3.482200            3.702652            3.365957            3.131440            2.886778            2.596942            2.370178            2.353469            3.245599            3.451087            3.433967            3.733286            3.412062            3.284216            3.455214            2.951649            3.279346            3.461084            3.469247            2.951064            2.962614            3.282382            3.460960            2.947092            2.332953            2.833327            0.000000
  452         1.0079181246047623E+001         8.0360305676865207E-001         8.0294758859551463E-001         3.8313392428571440E+000         1.5745193414742817E-001         4.0181561133292156E+000         5.9490653535920290E-001        -2.2000000000000002E+000           -2.676714            3.466723            3.687737            3.349662            3.113922            2.868072            2.576414            2.348106            2.331246            3.228365            3.435395            3.417929            3.718516            3.396027            3.267092            3.439366            2.933212            3.262209            3.445250            3.453460            2.932620            2.944181            3.265253            3.445125            2.928629            2.310520            2.814375            0.000000
  453         1.0079181246047623E+001         8.0391834654155570E-001         8.0325815877270390E-001         3.8305463168279834E+000         1.6234924918014079E-001         4.0085238926266715E+000         6.0152946130798757E-001        -2.2000000000000002E+000           -2.672863            3.451606            3.673290            3.333732            3.096687            2.849575            2.555990            2.326042            2.309021            3.211430            3.420110            3.402275            3.704226            3.380376            3.250277            3.423911            2.915004            3.245378            3.429811            3.438071            2.914404            2.925978            3.248431            3.429686            2.910393            2.288077            2.795618            0.000000
  454         1.0079181246047623E+001         8.0422257411250697E-001         8.0355771225757100E-001         3.8297178260446838E+000         1.6728140565165778E-001         3.9988162301671037E+000         6.0807981111782183E-001        -2.2000000000000002E+000           -2.669708            3.436726            3.659163            3.318043            3.079627            2.831194            2.535591            2.303923            2.286732            3.194678            3.405097            3.386877            3.690266            3.364980            3.233651            3.408718            2.896924            3.228735            3.414636            3.422949            2.896316            2.907903            3.231798            3.414512            2.892284            2.265557            2.776963            2.000000
  455         1.0079181246047623E+001         8.0481925238739127E-001         8.0414496719286643E-001         3.8278803793975928E+000         1.7749888384851953E-001         3.9786887013484016E+000         6.2116498092318206E-001        -2.2000000000000002E+000           -2.663405            3.407346            3.631393            3.286823            3.045371            2.794034            2.493983            2.258554            2.240942            3.161039            3.375397            3.356303            3.662908            3.334412            3.200295            3.378606            2.860416            3.195336            3.384562            3.392992            2.859794            2.871397            3.198427            3.384438            2.855716            2.219231            2.739222            2.000000
  456         1.0079181246047623E+001         8.0536990657844054E-001         8.0468644973110082E-001         3.8259025738685377E+000         1.8784640144236819E-001         3.9582771633114979E+000         6.3394879399465776E-001        -2.2000000000000002E+000           -2.657125            3.378986            3.604972            3.256557            3.011793            2.757310            2.452465            2.212977            2.194899            3.128156            3.346772            3.326745            3.636939            3.304856            3.167731            3.349550            2.824404            3.162723            3.355546            3.364107            2.823767            2.835390            3.165845            3.355424            2.819639            2.172626            2.701861            2.000000
  457         1.0079181246047623E+001         8.0587640495348123E-001         8.0518404845699354E-001         3.8237920875473308E+000         1.9830604630554777E-001         3.9376184114519299E+000         6.4642613843619068E-001        -2.2000000000000002E+000           -2.650357            3.351672            3.579889            3.227229            2.978899            2.721041            2.411080            2.167265            2.148671            3.096037            3.319192            3.298183            3.612354            3.276293            3.135965            3.321530            2.788903            3.130905            3.327569            3.336275            2.788250            2.799895            3.134061            3.327448            2.784069            2.125813            2.664903            2.000000
  458         1.0079181246047623E+001         8.0634252627499881E-001         8.0564153457054566E-001         3.8215581584163063E+000         2.0886633796192869E-001         3.9167373879648202E+000         6.5861100522485350E-001        -2.2000000000000002E+000           -2.642521            3.325389            3.556069            3.198772            2.946640            2.685195            2.369828            2.121451            2.102286            3.064641            3.292571            3.270540            3.589085            3.248645            3.104954            3.294472            2.753875            3.099840            3.300551            3.309416            2.753206            2.764875            3.103032            3.300431            2.748968            2.078826            2.628323            2.000000
  459         1.0079181246047623E+001         8.0677159844527280E-001         8.0606222567210151E-001         3.8192134190372027E+000         2.1951011590247721E-001         3.8956701322317526E+000         6.7051960358953722E-001        -2.2000000000000002E+000           -2.633409            3.300108            3.533423            3.171106            2.914970            2.649744            2.328715            2.075582            2.055788            3.033928            3.266805            3.243727            3.567050            3.221823            3.074655            3.268286            2.719287            3.069485            3.274397            3.283437            2.718601            2.730294            3.072714            3.274281            2.714303            2.031717            2.592097            2.000000
  460         1.0079181246047623E+001         8.0716789675930523E-001         8.0645036623810196E-001         3.8167692221249370E+000         2.3023301829480147E-001         3.8744275794533114E+000         6.8218862072512332E-001        -2.2000000000000002E+000           -2.622371            3.275759            3.511797            3.144089            2.883780            2.614599            2.287690            2.029650            2.009165            3.003797            3.241727            3.217591            3.546107            3.195674            3.044961            3.242820            2.685040            3.039735            3.248951            3.258182            2.684336            2.696053            3.043004            3.248839            2.679977            1.984478            2.556143            2.000000
  461         1.0079181246047623E+001         8.0753480596472837E-001         8.0680931334236483E-001         3.8142395113943843E+000         2.4102066052961477E-001         3.8530402627623248E+000         6.9364506227253764E-001        -2.2000000000000002E+000           -2.608507            3.252296            3.491043            3.117591            2.852980            2.579693            2.246731            1.983687            1.962445            2.974165            3.217178            3.191988            3.526118            3.170053            3.015785            3.217931            2.651059            3.010505            3.224065            3.233504            2.650337            2.662075            3.013814            3.223959            2.645915            1.937143            2.520403            2.000000
  462         1.0079181246047623E+001         8.0787599924932285E-001         8.0714270353608419E-001         3.8116343163759847E+000         2.5186803497589350E-001         3.8315200860772545E+000         7.0491903109149634E-001        -2.2000000000000002E+000           -2.592140            3.229666            3.471031            3.091498            2.822489            2.544958            2.205801            1.937688            1.915621            2.944963            3.193015            3.166792            3.506969            3.144835            2.987051            3.193488            2.617269            2.981719            3.199604            3.209268            2.616529            2.628284            2.985070            3.199507            2.612041            1.889713            2.484815            2.000000
  463         1.0079181246047623E+001         8.0819469627402796E-001         8.0745371781012265E-001         3.8089705269636740E+000         2.6276549714794073E-001         3.8098880075553709E+000         7.1605879778634751E-001        -2.2000000000000002E+000           -2.572063            3.207779            3.451531            3.065609            2.792158            2.510273            2.164834            1.891648            1.868684            2.916049            3.169006            3.141788            3.488445            3.119802            2.958608            3.169277            2.583536            2.953230            3.175348            3.185255            2.582778            2.594544            2.956624            3.175261            2.578225            1.842184            2.449266            2.000000
  464         1.0079181246047623E+001         8.0849376959221431E-001         8.0774518899195913E-001         3.8062626439274183E+000         2.7370497392730481E-001         3.7881616690194466E+000         7.2710621920005380E-001        -2.2000000000000002E+000           -2.547764            3.186634            3.432331            3.039797            2.761872            2.475584            2.123803            1.845540            1.821621            2.887301            3.145036            3.116855            3.470308            3.094832            2.930331            3.145169            2.549795            2.924913            3.151174            3.161340            2.549020            2.560790            2.928349            3.151101            2.544400            1.794539            2.413710            2.000000
  465         1.0079181246047623E+001         8.0877557911968401E-001         8.0801944486582200E-001         3.8035198280025520E+000         2.8468447914331607E-001         3.7663462566410466E+000         7.3809396593261090E-001        -2.2000000000000002E+000           -2.521291            3.166261            3.413329            3.014070            2.731615            2.440935            2.082736            1.799325            1.774410            2.858671            3.121172            3.092036            3.452386            3.069964            2.902170            3.121193            2.516089            2.896719            3.127130            3.137567            2.515298            2.527061            2.900196            3.127069            2.510610            1.746741            2.378190            2.000000
  466         1.0079181246047623E+001         8.0904288365333998E-001         8.0827919042892571E-001         3.8007635954054386E+000         2.9568775381394263E-001         3.7444757208923010E+000         7.4907558488541348E-001        -2.2000000000000002E+000           -2.493942            3.146462            3.394357            2.988315            2.701314            2.406275            2.041627            1.753029            1.727089            2.830054            3.097286            3.067207            3.434502            3.045079            2.874013            3.097218            2.482360            2.868536            3.103086            3.113801            2.481553            2.493301            2.872052            3.103035            2.476798            1.698831            2.342664            2.000000
  467         1.0079181246047623E+001         8.0929727644929095E-001         8.0852598993517355E-001         3.7980053653223647E+000         3.0670755616286538E-001         3.7225653542216857E+000         7.6008226925096012E-001        -2.2000000000000002E+000           -2.468588            3.127080            3.375368            2.962518            2.670976            2.371608            2.000485            1.706670            1.679680            2.801433            3.073351            3.042343            3.416600            3.020157            2.845837            3.073215            2.448612            2.840338            3.079013            3.090010            2.447790            2.459513            2.843891            3.078972            2.442967            1.650835            2.307135            2.000000
  468         1.0079181246047623E+001         8.0954039059569183E-001         8.0876144167156649E-001         3.7952557751543106E+000         3.1773869882545730E-001         3.7006263673684145E+000         7.7114619390392880E-001        -2.2000000000000002E+000           -2.447284            3.107957            3.356300            2.936650            2.640592            2.336925            1.959311            1.660257            1.632199            2.772776            3.049327            3.017406            3.398610            2.995169            2.817602            3.049140            2.414833            2.812085            3.054871            3.066149            2.413997            2.425687            2.815674            3.054838            2.409108            1.602770            2.271599            2.000000
  469         1.0079181246047623E+001         8.0977379859175347E-001         8.0898707792760982E-001         3.7925280243321602E+000         3.2877350721971987E-001         3.6786749088016233E+000         7.8230480740385144E-001        -2.2000000000000002E+000           -2.429456            3.088951            3.337029            2.910612            2.610090            2.302165            1.918076            1.613788            1.584650            2.743989            3.025111            2.992293            3.380409            2.970010            2.789209            3.024889            2.380961            2.783677            3.030551            3.042110            2.380112            2.391760            2.787298            3.030526            2.375157            1.554644            2.235997            2.000000
  470         1.0079181246047623E+001         8.0999873682949897E-001         8.0920409834834706E-001         3.7898353577876565E+000         3.3980643238014008E-001         3.6567227159410134E+000         7.9359999154667726E-001        -2.2000000000000002E+000           -2.414760            3.069905            3.317422            2.884300            2.579384            2.267258            1.876740            1.567248            1.537027            2.714969            3.000591            2.966892            3.361863            2.944571            2.760549            3.000345            2.346923            2.755005            3.005939            3.017778            2.346060            2.357658            2.758657            3.005921            2.341042            1.506455            2.200266            2.000000
  471         1.0079181246047623E+001         8.1021649976395871E-001         8.0941375507147584E-001         3.7871899528573483E+000         3.5083742484801073E-001         3.6347705456515857E+000         8.0508035676118817E-001        -2.2000000000000002E+000           -2.401863            3.050663            3.297317            2.857566            2.548347            2.232094            1.835226            1.520586            1.489287            2.685571            2.975619            2.941053            3.342817            2.918700            2.731480            2.975358            2.312603            2.725925            2.980884            2.993000            2.311726            2.323269            2.729608            2.980873            2.306648            1.458164            2.164296            2.000000
  472         1.0079181246047623E+001         8.1042806499306463E-001         8.0961698581244401E-001         3.7846032369217468E+000         3.6186962180525234E-001         3.6128126191635062E+000         8.1679788693326483E-001        -2.2000000000000002E+000           -2.391217            3.031025            3.276567            2.830295            2.516883            2.196587            1.793468            1.473757            1.441392            2.655683            2.950071            2.914655            3.323118            2.892277            2.701886            2.949802            2.277913            2.696322            2.955260            2.967649            2.277023            2.288503            2.700034            2.955255            2.271886            1.409735            2.128004            2.000000
  473         1.0079181246047623E+001         8.1063458097092200E-001         8.0981488788559997E-001         3.7820864900393851E+000         3.7291145221565863E-001         3.5908326529001746E+000         8.2881456022462963E-001        -2.2000000000000002E+000           -2.381890            3.010789            3.254974            2.802312            2.484833            2.160594            1.751358            1.426676            1.393265            2.625133            2.923769            2.887519            3.302572            2.865124            2.671598            2.923495            2.242709            2.666025            2.928885            2.941543            2.241805            2.253218            2.669766            2.928885            2.236611            1.361095            2.091251            2.000000
  474         1.0079181246047623E+001         8.1083689126271041E-001         8.1000825873597482E-001         3.7796582919257000E+000         3.8398197240214205E-001         3.5687929732217230E+000         8.4124280814285446E-001        -2.2000000000000002E+000           -2.374449            2.989565            3.232200            2.773335            2.451946            2.123891            1.708709            1.379191            1.344763            2.593654            2.896419            2.859356            3.280829            2.836951            2.640348            2.896142            2.206760            2.634768            2.901463            2.914383            2.205842            2.217185            2.638537            2.901469            2.200595            1.312105            2.053817            2.000000
  475         1.0079181246047623E+001         8.1103565739778882E-001         8.1019770849690220E-001         3.7773335574036886E+000         3.9508848210425929E-001         3.5466792934296416E+000         8.5415688945904500E-001        -2.2000000000000002E+000           -2.368708            2.967072            3.208003            2.743166            2.418046            2.086323            1.665402            1.331209            1.295806            2.561058            2.867811            2.829961            3.257642            2.807555            2.607950            2.867531            2.169909            2.602363            2.872784            2.885957            2.168978            2.180247            2.606160            2.872795            2.163680            1.262688            2.015549            2.000000
  476         1.0079181246047623E+001         8.1123101012805465E-001         8.1038333657631223E-001         3.7751293136588657E+000         4.0623032203933018E-001         3.5244929655461519E+000         8.6762359434989356E-001        -2.2000000000000002E+000           -2.364011            2.943048            3.182132            2.711600            2.382954            2.047741            1.621338            1.282672            1.246344            2.527158            2.837729            2.799123            3.232752            2.776724            2.574223            2.837448            2.132003            2.568628            2.842632            2.856049            2.131058            2.142252            2.572452            2.842649            2.125713            1.212798            1.976306            2.000000
  477         1.0079181246047623E+001         8.1142273286377642E-001         8.1056490671297576E-001         3.7730537039840879E+000         4.1739396245145244E-001         3.5022609028487510E+000         8.8164843647502633E-001        -2.2000000000000002E+000           -2.360120            2.917400            3.154526            2.678602            2.346649            2.008137            1.576531            1.233614            1.196417            2.491930            2.806135            2.766806            3.206096            2.744420            2.539143            2.805851            2.093031            2.533541            2.810968            2.824616            2.092073            2.103192            2.537392            2.810989            2.086684            1.162475            1.936080            2.000000
  478         1.0079181246047623E+001         8.1161047288885979E-001         8.1074205264851162E-001         3.7711117470830220E+000         4.2855127964994399E-001         3.4800391393798771E+000         8.9619524326774536E-001        -2.2000000000000002E+000           -2.356871            2.890626            3.125040            2.644022            2.309031            1.967445            1.531008            1.184206            1.146177            2.455157            2.772867            2.732868            3.177546            2.710489            2.502696            2.772637            2.052909            2.497075            2.777663            2.791542            2.051933            2.062976            2.500961            2.777692            2.046504            1.111859            1.894825            2.000000
  479         1.0079181246047623E+001         8.1179428903714967E-001         8.1091479896061303E-001         3.7693005419644345E+000         4.3967700535592663E-001         3.4578782006517406E+000         9.1120187420536380E-001        -2.2000000000000002E+000           -2.353943            2.862427            3.094005            2.608206            2.270394            1.925932            1.484969            1.134528            1.095730            2.417250            2.738282            2.697651            3.147414            2.675280            2.465129            2.738111            2.011925            2.459487            2.743045            2.757143            2.010931            2.021900            2.463409            2.743081            2.005466            1.061067            1.852790            2.000000
  480         1.0079181246047623E+001         8.1197391129867147E-001         8.1108286643091687E-001         3.7676065760216919E+000         4.5075243795262632E-001         3.4358153443731037E+000         9.2657687562779234E-001        -2.2000000000000002E+000           -2.351427            2.832981            3.061713            2.571418            2.230973            1.883811            1.438586            1.084714            1.045206            2.378474            2.702651            2.661420            3.115989            2.639062            2.426684            2.702539            1.970297            2.421020            2.707381            2.721689            1.969285            1.980185            2.424978            2.707425            1.963787            1.010227            1.810180            2.000000
  481         1.0079181246047623E+001         8.1214937786999764E-001         8.1124626607969152E-001         3.7660153646389549E+000         4.6176980928855516E-001         3.4138661064766977E+000         9.4224677276870272E-001        -2.2000000000000002E+000           -2.349339            2.802495            3.028393            2.533854            2.190935            1.841227            1.391973            1.034847            0.994681            2.339011            2.666179            2.624376            3.083488            2.602032            2.387543            2.666123            1.928177            2.381855            2.670874            2.685382            1.927148            1.937981            2.385849            2.670927            1.921619            0.959414            1.767135            2.000000
  482         1.0079181246047623E+001         8.1232079671596114E-001         8.1140508042638326E-001         3.7645132199622977E+000         4.7272466641320521E-001         3.3920394380717056E+000         9.5814790831137420E-001        -2.2000000000000002E+000           -2.347392            2.771168            2.994244            2.495674            2.150420            1.798301            1.345217            0.984996            0.944219            2.299014            2.629037            2.586686            3.050120            2.564359            2.347858            2.629035            1.885688            2.342147            2.633697            2.648396            1.884643            1.895412            2.346176            2.633759            1.879084            0.908685            1.723772            2.000000
  483         1.0079181246047623E+001         8.1248813770414086E-001         8.1155926228192077E-001         3.7630840508416545E+000         4.8362553810553810E-001         3.3703182679459522E+000         9.7423297521346730E-001        -2.2000000000000002E+000           -2.345707            2.739169            2.959444            2.457015            2.109535            1.755112            1.298362            0.935169            0.893818            2.258601            2.591371            2.548492            3.016099            2.526184            2.307750            2.591421            1.842917            2.302015            2.595995            2.610878            1.841857            1.852564            2.306079            2.596066            1.836270            0.858038            1.680167            2.000000
  484         1.0079181246047623E+001         8.1265166973586633E-001         8.1170904159532986E-001         3.7617165256381924E+000         4.9447622234761834E-001         3.3486951241148168E+000         9.9046424288377699E-001        -2.2000000000000002E+000           -2.344152            2.706628            2.924123            2.417977            2.068360            1.711728            1.251448            0.885387            0.843496            2.217865            2.553289            2.509897            2.981573            2.487610            2.267309            2.553388            1.799932            2.261551            2.557875            2.572936            1.798857            1.809504            2.265649            2.557956            1.793244            0.807485            1.636382            2.000000
  485         1.0079181246047623E+001         8.1281130910565902E-001         8.1185432189820572E-001         3.7604006185168153E+000         5.0528149026259306E-001         3.3271604112664637E+000         1.0068111502282175E+000        -2.2000000000000002E+000           -2.342792            2.673661            2.888397            2.378647            2.026965            1.668200            1.204502            0.835657            0.793253            2.176882            2.514887            2.470994            2.946630            2.448729            2.226616            2.515031            1.756791            2.220834            2.519433            2.534667            1.755702            1.766290            2.224965            2.519524            1.750062            0.757026            1.592467            2.000000
  486         1.0079181246047623E+001         8.1296731111040410E-001         8.1199532464775670E-001         3.7591267133873494E+000         5.1605023770982639E-001         3.3056964661205770E+000         1.0232530246048224E+000        -2.2000000000000002E+000           -2.341530            2.640358            2.852351            2.339085            1.985391            1.624556            1.157531            0.785970            0.743076            2.135704            2.476228            2.431844            2.911360            2.409602            2.185719            2.476416            1.713524            2.179913            2.480733            2.496137            1.712420            1.722952            2.184077            2.480834            1.706755            0.706644            1.548446            2.000000
  487         1.0079181246047623E+001         8.1311946555537373E-001         8.1213183320126325E-001         3.7578859268578895E+000         5.2678970796354052E-001         3.2842886793476631E+000         1.0397688189944090E+000        -2.2000000000000002E+000           -2.340420            2.606812            2.816074            2.299352            1.943687            1.580831            1.110546            0.736319            0.692953            2.094383            2.437383            2.392513            2.875861            2.370296            2.144673            2.437611            1.670166            2.138844            2.441844            2.457415            1.669049            1.679525            2.143041            2.441956            1.663359            0.656327            1.504351            2.000000
  488         1.0079181246047623E+001         8.1326779265174953E-001         8.1226385240682331E-001         3.7566728302237737E+000         5.3750672793611431E-001         3.2629234002897376E+000         1.0563504724030954E+000        -2.2000000000000002E+000           -2.339393            2.573071            2.779606            2.259473            1.901865            1.537029            1.063539            0.686687            0.642865            2.052939            2.398378            2.353027            2.840174            2.330837            2.103498            2.398645            1.626727            2.097646            2.402796            2.418531            1.625595            1.636017            2.101875            2.402918            1.619882            0.606053            1.460185            2.000000
  489         1.0079181246047623E+001         8.1341239444747282E-001         8.1239145830451620E-001         3.7554837630193441E+000         5.4820135057487007E-001         3.2416005671050829E+000         1.0729834488628884E+000        -2.2000000000000002E+000           -2.338385            2.539190            2.742997            2.219486            1.859957            1.493178            1.016531            0.637088            0.592822            2.011407            2.359256            2.313427            2.804349            2.291263            2.062229            2.359559            1.583232            2.056354            2.363627            2.379525            1.582087            1.592455            2.060614            2.363760            1.576350            0.555833            1.415975            2.000000
  490         1.0079181246047623E+001         8.1355317332197574E-001         8.1251455239606818E-001         3.7543135049956966E+000         5.5888124107793413E-001         3.2203047879134967E+000         1.0896621977744245E+000        -2.2000000000000002E+000           -2.337451            2.505213            2.706285            2.179413            1.817973            1.449279            0.969509            0.587499            0.542800            1.969805            2.320041            2.273736            2.768426            2.251600            2.020883            2.320379            1.539688            2.014985            2.324365            2.340425            1.538529            1.548843            2.019277            2.324509            1.532768            0.505641            1.371720            2.000000
  491         1.0079181246047623E+001         8.1369029943842652E-001         8.1263328177948269E-001         3.7531596155494449E+000         5.6954959025632612E-001         3.1990297598162369E+000         1.1063833383462041E+000        -2.2000000000000002E+000           -2.336599            2.471159            2.669486            2.139264            1.775919            1.405337            0.922471            0.537916            0.492792            1.928139            2.280746            2.233964            2.732382            2.211857            1.979467            2.281116            1.496096            1.973547            2.285020            2.301241            1.494924            1.505186            1.977869            2.285175            1.489140            0.455470            1.327424            2.000000
  492         1.0079181246047623E+001         8.1382390840259866E-001         8.1274776278862149E-001         3.7520157509233663E+000         5.8021514001278318E-001         3.1777580391949201E+000         1.1231389793548043E+000        -2.2000000000000002E+000           -2.335799            2.437088            2.632649            2.099065            1.733811            1.361356            0.875409            0.488318            0.442773            1.886432            2.241401            2.194142            2.696310            2.172064            1.938004            2.241803            1.452466            1.932062            2.245625            2.262008            1.451280            1.461491            1.936415            2.245792            1.445473            0.405293            1.283091            2.000000
  493         1.0079181246047623E+001         8.1395402447403575E-001         8.1285802226053772E-001         3.7508832122944806E+000         5.9087447295246853E-001         3.1564964795626231E+000         1.1399274907186285E+000        -2.2000000000000002E+000           -2.335055            2.403004            2.595773            2.058820            1.691651            1.317343            0.828329            0.438714            0.392754            1.844688            2.202009            2.154272            2.660213            2.132224            1.896497            2.202442            1.408802            1.890534            2.206182            2.222727            1.407603            1.417762            1.894916            2.206361            1.401772            0.355121            1.238725            2.000000
  494         1.0079181246047623E+001         8.1408067139341067E-001         8.1296405812298045E-001         3.7497584741487548E+000         6.0153203032808933E-001         3.1352361896376078E+000         1.1567436528869683E+000        -2.2000000000000002E+000           -2.334328            2.368943            2.558886            2.018543            1.649448            1.273302            0.781230            0.389099            0.342726            1.802920            2.162588            2.114371            2.624119            2.092354            1.854959            2.163051            1.365110            1.848976            2.166710            2.183416            1.363898            1.374006            1.853387            2.166900            1.358044            0.304945            1.194331            2.000000
  495         1.0079181246047623E+001         8.1420404120092804E-001         8.1306604402255900E-001         3.7486413924004482E+000         6.1218692053711177E-001         3.1139790325754206E+000         1.1735851063117853E+000        -2.2000000000000002E+000           -2.333641            2.334916            2.521996            1.978241            1.607207            1.229238            0.734117            0.339475            0.292692            1.761136            2.123145            2.074445            2.588043            2.052458            1.813396            2.123638            1.321396            1.807395            2.127215            2.144084            1.320171            1.330228            1.811834            2.127417            1.314294            0.254769            1.149914            2.000000
  496         1.0079181246047623E+001         8.1432446746999987E-001         8.1316429699809833E-001         3.7475279337883931E+000         6.2284739934347888E-001         3.0927086541643014E+000         1.1904522294763005E+000        -2.2000000000000002E+000           -2.332988            2.300957            2.485123            1.937920            1.564923            1.185141            0.686967            0.289816            0.242621            1.719336            2.083687            2.034501            2.552013            2.012546            1.771810            2.084212            1.277650            1.765792            2.087706            2.104739            1.276412            1.286418            1.770258            2.087920            1.270511            0.204559            1.105463            2.000000
  497         1.0079181246047623E+001         8.1444228303413491E-001         8.1325911274116791E-001         3.7464196362555544E+000         6.3351013877726703E-001         3.0714318440364012E+000         1.2073445182125244E+000        -2.2000000000000002E+000           -2.332330            2.267061            2.448258            1.897575            1.522596            1.141014            0.639791            0.240136            0.192529            1.677520            2.044209            1.994535            2.516009            1.972611            1.730200            2.044767            1.233875            1.724166            2.048177            2.065375            1.232624            1.242580            1.728658            2.048404            1.226700            0.154332            1.060981            2.000000
  498         1.0079181246047623E+001         8.1455715807412066E-001         8.1335017512505781E-001         3.7453140011428272E+000         6.4417506859272167E-001         3.0501485836525832E+000         1.2242518373925240E+000        -2.2000000000000002E+000           -2.331745            2.233279            2.411443            1.857237            1.480250            1.096879            0.592601            0.190442            0.142420            1.635718            2.004746            1.954580            2.480077            1.932687            1.688595            2.005338            1.190094            1.682546            2.008664            2.026029            1.188830            1.198735            1.687062            2.008904            1.182882            0.104093            1.016487            2.000000
  499         1.0079181246047623E+001         8.1466906240880443E-001         8.1343744500918147E-001         3.7442067085600375E+000         6.5484485482018906E-001         3.0288535301182238E+000         1.2411622395162998E+000        -2.2000000000000002E+000           -2.331187            2.199679            2.374732            1.816943            1.437910            1.052756            0.545409            0.140739            0.092297            1.593961            1.965337            1.914673            2.444273            1.892811            1.647025            1.965964            1.146327            1.640963            1.969205            1.986739            1.145050            1.154905            1.645504            1.969458            1.139079            0.053843            0.972003            2.000000
  500         1.0079181246047623E+001         8.1477826599674241E-001         8.1352112289336276E-001         3.7431019335903151E+000         6.6550849937819323E-001         3.0075687842645671E+000         1.2580704287534168E+000        -2.2000000000000002E+000           -2.330526            2.166257            2.338115            1.776695            1.395586            1.008661            0.498243            0.091066            0.042199            1.552258            1.925980            1.874816            2.408587            1.852984            1.605500            1.926647            1.102591            1.599427            1.929802            1.947507            1.101301            1.111106            1.603991            1.930067            1.095306            0.003622            0.927545            2.000000
  501         1.0079181246047623E+001         8.1488457053700147E-001         8.1360106188185599E-001         3.7419938188991502E+000         6.7617409993796840E-001         2.9862780643956048E+000         1.2749691711083075E+000        -2.2000000000000002E+000           -2.329955            2.133576            2.301609            1.736381            1.353132            0.964448            0.451021            0.041488           -0.007865            1.510484            1.886581            1.834920            2.373085            1.813106            1.563904            1.887337            1.058735            1.557829            1.890388            1.908279            1.057436            1.067187            1.562410            1.890665            1.051413           -0.046566            0.882968            2.000000
  502         1.0079181246047623E+001         8.1498838325840861E-001         8.1367755749222281E-001         3.7408877921823382E+000         6.8682706286307116E-001         2.9650107133077803E+000         1.2918509900912671E+000        -2.2000000000000002E+000           -2.328978            2.101372            2.265181            1.696038            1.310641            0.920185            0.403806           -0.007986           -0.057859            1.468680            1.847157            1.795013            2.337723            1.773205            1.522283            1.848046            1.014834            1.516208            1.850984            1.869070            1.013530            1.023221            1.520806            1.851271            1.007476           -0.096684            0.838336            2.000000
  503         1.0079181246047623E+001         8.1508947370193030E-001         8.1375046943221008E-001         3.7397775943293863E+000         6.9747485459125880E-001         2.9437517168802128E+000         1.3087057821358354E+000        -2.2000000000000002E+000           -2.327819            2.069400            2.228892            1.655765            1.268238            0.875963            0.356636           -0.057414           -0.107818            1.426945            1.807799            1.755190            2.302528            1.733379            1.480730            1.808850            0.970987            1.474656            1.811670            1.829957            0.969676            0.979303            1.479272            1.811969            0.963590           -0.146765            0.793729            2.000000
  504         1.0079181246047623E+001         8.1518833058510909E-001         8.1382017599648937E-001         3.7386656799967670E+000         7.0810920724030235E-001         2.9225178042635509E+000         1.3255268301034437E+000        -2.2000000000000002E+000           -2.325929            2.037675            2.192744            1.615566            1.225930            0.831797            0.309532           -0.106766           -0.157711            1.385286            1.768511            1.715454            2.267498            1.693630            1.439254            1.769752            0.927207            1.433180            1.772452            1.790945            0.925889            0.935448            1.437814            1.772763            0.919770           -0.196779            0.749163            2.000000
  505         1.0079181246047623E+001         8.1528502686505566E-001         8.1388673718076676E-001         3.7375514106143664E+000         7.1872766090295426E-001         2.9013139196277171E+000         1.3423066598991458E+000        -2.2000000000000002E+000           -2.323533            2.006213            2.156763            1.575466            1.183739            0.787709            0.262515           -0.156027           -0.207520            1.343726            1.729321            1.675829            2.232656            1.653984            1.397878            1.730778            0.883517            1.391804            1.733354            1.752056            0.882191            0.891679            1.396456            1.733678            0.876039           -0.246708            0.704664            2.000000
  506         1.0079181246047623E+001         8.1537970247186253E-001         8.1395028863830865E-001         3.7364329626760311E+000         7.2933555692435381E-001         2.8801294555051959E+000         1.3590486601886029E+000        -2.2000000000000002E+000           -2.320934            1.975010            2.120955            1.535472            1.141666            0.743698            0.215571           -0.205216           -0.257268            1.302265            1.690235            1.636322            2.198014            1.614447            1.356603            1.691931            0.839914            1.350530            1.694381            1.713297            0.838581            0.847993            1.355201            1.694718            0.832394           -0.296575            0.660228            2.000000
  507         1.0079181246047623E+001         8.1547270712351017E-001         8.1401109769598246E-001         3.7353174300691485E+000         7.3993507854695539E-001         2.8589601601793646E+000         1.3757855730062736E+000        -2.2000000000000002E+000           -2.318743            1.943894            2.085202            1.495503            1.099643            0.699709            0.168660           -0.254366           -0.306982            1.260832            1.651165            1.596846            2.163439            1.574939            1.315356            1.653121            0.796342            1.309283            1.655444            1.674576            0.795001            0.804333            1.313973            1.655793            0.788778           -0.346406            0.615803            2.000000
  508         1.0079181246047623E+001         8.1556441130663404E-001         8.1406952332549176E-001         3.7342011491242895E+000         7.5056076385196169E-001         2.8377371350954279E+000         1.3925718198368520E+000        -2.2000000000000002E+000           -2.317152            1.912753            2.049390            1.455438            1.057539            0.655605            0.121632           -0.303632           -0.356822            1.219299            1.611991            1.557281            2.128818            1.535337            1.274009            1.614226            0.752664            1.267936            1.616420            1.635770            0.751316            0.760563            1.272645            1.616783            0.745056           -0.396361            0.571252            2.000000
  509         1.0079181246047623E+001         8.1565552345650438E-001         8.1412621121445827E-001         3.7330900340582711E+000         7.6126303122441918E-001         2.8163598677291022E+000         1.4095318943176949E+000        -2.2000000000000002E+000           -2.316055            1.881237            2.013171            1.414949            1.015036            0.611083            0.074198           -0.353296           -0.407061            1.177345            1.572386            1.517296            2.093796            1.495313            1.232242            1.574916            0.708576            1.226169            1.576980            1.596549            0.707219            0.716379            1.230898            1.577355            0.700922           -0.446714            0.526276            2.000000
  510         1.0079181246047623E+001         8.1574648365059321E-001         8.1418154178008439E-001         3.7319975100607290E+000         7.7209528395740812E-001         2.7947217113853231E+000         1.4268263037935012E+000        -2.2000000000000002E+000           -2.315193            1.848843            1.976048            1.373603            0.971724            0.565765            0.026014           -0.403676           -0.458010            1.134554            1.531903            1.476451            2.057871            1.454426            1.189637            1.534742            0.663690            1.183565            1.536675            1.556462            0.662324            0.671395            1.188313            1.537064            0.655990           -0.497772            0.480502            2.000000
  511         1.0079181246047623E+001         8.1583698699857332E-001         8.1423514989096279E-001         3.7309529429534805E+000         7.8305669847831361E-001         2.7728241574315575E+000         1.4445708644063235E+000        -2.2000000000000002E+000           -2.314532            1.815020            1.937531            1.331052            0.927304            0.519414           -0.023085           -0.454883           -0.509756            1.090618            1.490173            1.434382            2.020536            1.412315            1.145882            1.493325            0.617757            1.139810            1.495129            1.515128            0.616384            0.625366            1.144578            1.495530            0.610014           -0.549621            0.433709            2.000000
  512         1.0079181246047623E+001         8.1592568304112500E-001         8.1428572765769558E-001         3.7299732997213599E+000         7.9409217651757125E-001         2.7507767702509103E+000         1.4627232475563532E+000        -2.2000000000000002E+000           -2.313999            1.779703            1.897643            1.287366            0.881876            0.472168           -0.072917           -0.506707           -0.562079            1.045631            1.447256            1.391153            1.981767            1.369043            1.101068            1.450718            0.570908            1.094998            1.452394            1.472596            0.569527            0.578423            1.099784            1.452808            0.563122           -0.602036            0.386044            2.000000
  513         1.0079181246047623E+001         8.1601174272330501E-001         8.1433241393017153E-001         3.7290547123192526E+000         8.0513925617437609E-001         2.7287040724613094E+000         1.4811430572615367E+000        -2.2000000000000002E+000           -2.313602            1.743253            1.856788            1.242908            0.835790            0.424375           -0.123149           -0.558820           -0.614652            0.999949            1.403515            1.347124            1.941939            1.324973            1.055551            1.407282            0.523488            1.049484            1.408835            1.429229            0.522100            0.530913            1.054286            1.409261            0.515662           -0.654693            0.337852            2.000000
  514         1.0079181246047623E+001         8.1609477236028916E-001         8.1437486187039032E-001         3.7281784943194900E+000         8.1618050364278361E-001         2.7066407588133057E+000         1.4997206801992986E+000        -2.2000000000000002E+000           -2.313318            1.706091            1.815336            1.197989            0.789322            0.376273           -0.173587           -0.611065           -0.667331            0.953856            1.359279            1.302617            1.901458            1.280426            1.009620            1.363347            0.475745            1.003555            1.364778            1.385358            0.474352            0.483083            1.008374            1.365216            0.467881           -0.707448            0.289367            2.000000
  515         1.0079181246047623E+001         8.1617498055477022E-001         8.1441317537738844E-001         3.7273301733963717E+000         8.2721415127238784E-001         2.6845904142770833E+000         1.5183946917660358E+000        -2.2000000000000002E+000           -2.313040            1.668500            1.773514            1.152791            0.742624            0.327991           -0.224141           -0.663379           -0.720062            0.907515            1.314745            1.257820            1.860584            1.235591            0.963441            1.319110            0.427813            0.957378            1.320422            1.341184            0.426414            0.435064            0.962213            1.320871            0.419912           -0.760253            0.240711            2.000000
  516         1.0079181246047623E+001         8.1625249524680976E-001         8.1444747490169722E-001         3.7264985122648193E+000         8.3824389719150461E-001         2.6625457073126375E+000         1.5371275390780577E+000        -2.2000000000000002E+000           -2.312834            1.630668            1.731479            1.107434            0.695794            0.279603           -0.274765           -0.715739           -0.772829            0.861029            1.270040            1.212858            1.819492            1.190590            0.917116            1.274700            0.379771            0.911056            1.275895            1.296836            0.378365            0.386935            0.915907            1.276355            0.371832           -0.813090            0.191953            2.000000
  517         1.0079181246047623E+001         8.1632769887476364E-001         8.1447791815819648E-001         3.7256808730980664E+000         8.4926566651819857E-001         2.6405148385159718E+000         1.5559005210644339E+000        -2.2000000000000002E+000           -2.312600            1.592667            1.689303            1.061967            0.648878            0.231151           -0.325426           -0.768117           -0.825606            0.814445            1.225218            1.167784            1.778250            1.145477            0.870695            1.230173            0.331660            0.864638            1.231250            1.252369            0.330248            0.338738            0.869505            1.231721            0.323684           -0.865935            0.143135            2.000000
  518         1.0079181246047623E+001         8.1640053851658045E-001         8.1450457389845332E-001         3.7248711513066457E+000         8.6028606821740494E-001         2.6184846503017956E+000         1.5747024372971641E+000        -2.2000000000000002E+000           -2.312396            1.554574            1.647052            1.016434            0.601905            0.182654           -0.376119           -0.820520           -0.878402            0.767797            1.180327            1.122641            1.736929            1.100296            0.824212            1.185574            0.283503            0.818157            1.186535            1.207832            0.282085            0.290494            0.823040            1.187018            0.275490           -0.918799            0.094272            2.000000
  519         1.0079181246047623E+001         8.1647119585804473E-001         8.1452752670127437E-001         3.7240647367684385E+000         8.7130935026331113E-001         2.5964466741301893E+000         1.5935233432361482E+000        -2.2000000000000002E+000           -2.312231            1.516459            1.604779            0.970869            0.554901            0.134127           -0.426841           -0.872954           -0.931229            0.721111            1.135405            1.077467            1.695589            1.055084            0.777696            1.140945            0.235316            0.771642            1.141790            1.163264            0.233892            0.242221            0.776542            1.142284            0.227267           -0.971691            0.045380            2.000000
  520         1.0079181246047623E+001         8.1653970364094142E-001         8.1454677338703330E-001         3.7232592573829084E+000         8.8233804727983034E-001         2.5743958317114277E+000         1.6123588197270684E+000        -2.2000000000000002E+000           -2.312093            1.478357            1.562517            0.925290            0.507879            0.085579           -0.477591           -0.925424           -0.984090            0.674403            1.090474            1.032282            1.654265            1.009860            0.731160            1.096305            0.187109            0.725109            1.097035            1.118687            0.185679            0.193927            0.730025            1.097540            0.179024           -1.024619           -0.003535            2.000000
  521         1.0079181246047623E+001         8.1660622991031417E-001         8.1456238865306418E-001         3.7224540136448674E+000         8.9337170183565440E-001         2.5523330821308958E+000         1.6312051538865506E+000        -2.2000000000000002E+000           -2.311949            1.440282            1.520275            0.879707            0.460847            0.037019           -0.528362           -0.977922           -1.036981            0.627681            1.045543            0.987095            1.612966            0.964635            0.684615            1.051665            0.138892            0.678565            1.052280            1.074110            0.137456            0.145621            0.683499            1.052796            0.130770           -1.077575           -0.052463            2.000000
  522         1.0079181246047623E+001         8.1667083163405951E-001         8.1457436362780755E-001         3.7216486013959029E+000         9.0441025716225432E-001         2.5302585239592723E+000         1.6500606155438926E+000        -2.2000000000000002E+000           -2.311798            1.402245            1.478063            0.834127            0.413810           -0.011549           -0.579152           -1.030449           -1.089901            0.580951            1.000621            0.941913            1.571705            0.919415            0.638066            1.007032            0.090666            0.632017            1.007532            1.029542            0.089224            0.097306            0.636969            1.008059            0.082507           -1.130561           -0.101401            2.000000
  523         1.0079181246047623E+001         8.1673325081541170E-001         8.1458275940994462E-001         3.7208401287209263E+000         9.1545901676730013E-001         2.5081615892192017E+000         1.6689242440540797E+000        -2.2000000000000002E+000           -2.311676            1.364277            1.435905            0.788559            0.366773           -0.060127           -0.629969           -1.083021           -1.142868            0.534219            0.955720            0.896747            1.530507            0.874213            0.591520            0.962420            0.042433            0.585472            0.962805            0.984995            0.040985            0.048984            0.590441            0.963343            0.034238           -1.183593           -0.150350            2.000000
  524         1.0079181246047623E+001         8.1679422313446493E-001         8.1458742925081462E-001         3.7200258212768436E+000         9.2651871702547661E-001         2.4860406927245835E+000         1.6877864147940995E+000        -2.2000000000000002E+000           -2.311555            1.327014            1.393962            0.742937            0.319603           -0.108869           -0.680905           -1.135609           -1.195878            0.487415            0.910818            0.851580            1.489598            0.828984            0.544907            0.917842           -0.005954            0.538855            0.918104            0.940488           -0.007414            0.000506            0.543846            0.918656           -0.014187           -1.236678           -0.199459            2.000000
  525         1.0079181246047623E+001         8.1685328085816766E-001         8.1458855146854869E-001         3.7192093375295938E+000         9.3758607941870853E-001         2.4639025291296157E+000         1.7066552045915639E+000        -2.2000000000000002E+000           -2.311421            1.290171            1.352144            0.697276            0.272346           -0.157715           -0.731919           -1.188220           -1.248925            0.440562            0.865913            0.806404            1.448861            0.783735            0.498247            0.873278           -0.054439            0.492187            0.873413            0.895999           -0.055913           -0.048070            0.497204            0.873980           -0.062711           -1.289803           -0.248668            2.000000
  526         1.0079181246047623E+001         8.1691067118027361E-001         8.1458603865585222E-001         3.7183865485150887E+000         9.4866640711581340E-001         2.4417364214566124E+000         1.7255247039277526E+000        -2.2000000000000002E+000           -2.311291            1.253470            1.310431            0.651663            0.225112           -0.206555           -0.782956           -1.240883           -1.302024            0.393736            0.821068            0.761280            1.408244            0.738539            0.451615            0.828771           -0.102915            0.445549            0.828779            0.851569           -0.104403           -0.096637            0.450590            0.829361           -0.111225           -1.342980           -0.297875            2.000000
  527         1.0079181246047623E+001         8.1696647299280012E-001         8.1457980418043818E-001         3.7175603482452138E+000         9.5975395595475510E-001         2.4195537931899702E+000         1.7443950005261399E+000        -2.2000000000000002E+000           -2.311159            1.216884            1.268760            0.606090            0.177899           -0.255383           -0.834004           -1.293581           -1.355157            0.346936            0.776276            0.716200            1.367723            0.693389            0.405009            0.784312           -0.151377            0.398936            0.784193            0.807188           -0.152880           -0.145192            0.404003            0.784790           -0.159727           -1.396191           -0.347072            2.000000
  528         1.0079181246047623E+001         8.1702063741580511E-001         8.1456989416107184E-001         3.7167256126748605E+000         9.7085814571230467E-001         2.3973358458725933E+000         1.7632644377598230E+000        -2.2000000000000002E+000           -2.311041            1.180469            1.227209            0.560576            0.130716           -0.304202           -0.885079           -1.346338           -1.408352            0.300171            0.731560            0.671184            1.327346            0.648305            0.358441            0.739924           -0.199827            0.352361            0.739677            0.762880           -0.201344           -0.193735            0.357452            0.740289           -0.208216           -1.449463           -0.396263            2.000000
  529         1.0079181246047623E+001         8.1707312305754642E-001         8.1455636923875074E-001         3.7158815947580273E+000         9.8197989844269218E-001         2.3750807696853813E+000         1.7821318715532652E+000        -2.2000000000000002E+000           -2.310925            1.144243            1.185797            0.515127            0.083567           -0.353009           -0.936181           -1.399158           -1.461613            0.253447            0.686925            0.626237            1.287123            0.603294            0.311913            0.695613           -0.248260            0.305827            0.695239            0.718651           -0.249793           -0.242263            0.310943            0.695865           -0.256690           -1.502802           -0.445446            2.000000
  530         1.0079181246047623E+001         8.1712439228257483E-001         8.1453883009514605E-001         3.7150384675272048E+000         9.9310060203294270E-001         2.3528255305001013E+000         1.8010007698104753E+000        -2.2000000000000002E+000           -2.310815            1.108089            1.144473            0.469711            0.036440           -0.401793           -0.987274           -1.451985           -1.514877            0.206747            0.642334            0.581324            1.246963            0.558320            0.265409            0.651336           -0.296673            0.259317            0.650835            0.674458           -0.298221           -0.290771            0.264458            0.651475           -0.305142           -1.556143           -0.494605            2.000000
  531         1.0079181246047623E+001         8.1717395818329408E-001         8.1451755008291116E-001         3.7141849769799395E+000         1.0042407846151251E+000         2.3305292609673205E+000         1.8198671727857805E+000        -2.2000000000000002E+000           -2.310713            1.072143            1.103297            0.424368           -0.010650           -0.450564           -1.038397           -1.504882           -1.568214            0.160093            0.597834            0.536488            1.206972            0.513427            0.218952            0.607145           -0.345068            0.212854            0.606516            0.630352           -0.346630           -0.339261            0.218020            0.607171           -0.353577           -1.609557           -0.543754            2.000000
  532         1.0079181246047623E+001         8.1722213885601847E-001         8.1449239363282366E-001         3.7133220146318511E+000         1.0153974505816838E+000         2.3081978557695915E+000         1.8387286553265445E+000        -2.2000000000000002E+000           -2.310609            1.036405            1.062271            0.379102           -0.057694           -0.499311           -1.089538           -1.557837           -1.621612            0.113490            0.553432            0.491735            1.167151            0.468621            0.172547            0.563044           -0.393437            0.166443            0.562288            0.586339           -0.395014           -0.387727            0.171634            0.562957           -0.401986           -1.663032           -0.592881            2.000000
  533         1.0079181246047623E+001         8.1726886029186252E-001         8.1446336420437859E-001         3.7124585563799988E+000         1.0265565159523757E+000         2.2858594833457104E+000         1.8575929530605180E+000        -2.2000000000000002E+000           -2.310512            1.000759            1.021310            0.333875           -0.104717           -0.548037           -1.140676           -1.610809           -1.675024            0.066913            0.509078            0.447018            1.127404            0.423856            0.126168            0.518982           -0.441787            0.120058            0.518098            0.542365           -0.443379           -0.436173            0.125273            0.518781           -0.450376           -1.716520           -0.641985            2.000000
  534         1.0079181246047623E+001         8.1731433219655258E-001         8.1443021295082341E-001         3.7115943075311284E+000         1.0377161840683189E+000         2.2635175896935169E+000         1.8764552938969239E+000        -2.2000000000000002E+000           -2.310422            0.965224            0.980431            0.288700           -0.151704           -0.596730           -1.191803           -1.663793           -1.728445            0.020375            0.464787            0.402354            1.087747            0.379148            0.079826            0.474973           -0.490106            0.073710            0.473962            0.498445           -0.491713           -0.484589            0.078951            0.474660           -0.498735           -1.770016           -0.691055            2.000000
  535         1.0079181246047623E+001         8.1735862982391327E-001         8.1439313063984953E-001         3.7107220384017192E+000         1.0488909684657792E+000         2.2411432566649183E+000         1.8953157861742058E+000        -2.2000000000000002E+000           -2.310338            0.929884            0.939688            0.243598           -0.198651           -0.645400           -1.242947           -1.716833           -1.781922           -0.026115            0.420588            0.357764            1.048247            0.334519            0.033531            0.431045           -0.538401            0.027411            0.429908            0.454609           -0.540023           -0.532981            0.032676            0.430619           -0.547071           -1.823569           -0.740103            2.000000
  536         1.0079181246047623E+001         8.1740145898041816E-001         8.1435185157485324E-001         3.7098434761768786E+000         1.0600775131026636E+000         2.2187430701478128E+000         1.9141746265486144E+000        -2.2000000000000002E+000           -2.310256            0.894722            0.899070            0.198564           -0.245559           -0.694045           -1.294102           -1.769918           -1.835445           -0.072560            0.376474            0.313243            1.008887            0.289966           -0.012718            0.387193           -0.586671           -0.018843            0.385929            0.410850           -0.588308           -0.581348           -0.013553            0.386653           -0.595381           -1.877168           -0.789123            2.000000
  537         1.0079181246047623E+001         8.1744303610987568E-001         8.1430616488926910E-001         3.7089643001022523E+000         1.0712657723908778E+000         2.1963369245304385E+000         1.9330344408265359E+000        -2.2000000000000002E+000           -2.310182            0.859668            0.858527            0.153579           -0.292436           -0.742659           -1.345248           -1.823018           -1.888980           -0.118969            0.332420            0.268770            0.969612            0.245465           -0.058933            0.343388           -0.634914           -0.065062            0.341998            0.367139           -0.636565           -0.629687           -0.059749            0.342736           -0.643663           -1.930777           -0.838110            2.000000
  538         1.0079181246047623E+001         8.1748337221836009E-001         8.1425626527544148E-001         3.7080748842516877E+000         1.0824713277450693E+000         2.1738938212772987E+000         1.9518878881326600E+000        -2.2000000000000002E+000           -2.310107            0.824862            0.818156            0.108689           -0.339255           -0.791238           -1.396407           -1.876178           -1.942577           -0.165312            0.288485            0.224395            0.930533            0.201069           -0.105083            0.299690           -0.683121           -0.111216            0.298174            0.323537           -0.684788           -0.677991           -0.105878            0.298925           -0.691911           -1.984449           -0.887062            2.000000
  539         1.0079181246047623E+001         8.1752254848100081E-001         8.1420179337500809E-001         3.7071799773131300E+000         1.0936864372054904E+000         2.1514290339250830E+000         1.9707384792992730E+000        -2.2000000000000002E+000           -2.310041            0.790238            0.777911            0.063874           -0.386030           -0.839782           -1.447568           -1.929374           -1.996210           -0.211603            0.244640            0.180094            0.891596            0.156754           -0.151181            0.256071           -0.731296           -0.157317            0.254429            0.280015           -0.732977           -0.726263           -0.151956            0.255193           -0.740125           -2.038157           -0.935977            2.000000
  540         1.0079181246047623E+001         8.1756051245660943E-001         8.1414266428354143E-001         3.7062775929177052E+000         1.1049138404691146E+000         2.1289370197612123E+000         1.9895837482448215E+000        -2.2000000000000002E+000           -2.309982            0.755835            0.737818            0.019149           -0.432748           -0.888286           -1.498731           -1.982615           -2.049887           -0.257830            0.200906            0.135884            0.852832            0.112536           -0.197216            0.212549           -0.779432           -0.203355            0.210781            0.236592           -0.781128           -0.774495           -0.197971            0.211558           -0.788300           -2.091909           -0.984848            2.000000
  541         1.0079181246047623E+001         8.1759746359651708E-001         8.1407891401054677E-001         3.7053726609020128E+000         1.1161459744208191E+000         2.1064329093737948E+000         2.0084282880854607E+000        -2.2000000000000002E+000           -2.309927            0.721587            0.697830           -0.025510           -0.479426           -0.936753           -1.549888           -2.035880           -2.103588           -0.304010            0.157251            0.091737            0.814186            0.068389           -0.243206            0.169093           -0.827536           -0.249348            0.167200            0.193236           -0.829246           -0.822695           -0.243940            0.167989           -0.836444           -2.145684           -1.033679            2.000000
  542         1.0079181246047623E+001         8.1763352339281203E-001         8.1401017792760288E-001         3.7044554612733327E+000         1.1273969793675078E+000         2.0838881972020982E+000         2.0272614994641165E+000        -2.2000000000000002E+000           -2.309864            0.687642            0.658051           -0.070047           -0.526026           -0.985168           -1.601050           -2.089202           -2.157349           -0.350103            0.113745            0.047715            0.775777            0.024375           -0.289108            0.125771           -0.875589           -0.295253            0.123752            0.150016           -0.877314           -0.870844           -0.289821            0.124553           -0.884536           -2.199521           -1.082456            2.000000
  543         1.0079181246047623E+001         8.1766864492774938E-001         8.1393623180784247E-001         3.7035312258692294E+000         1.1386593119120327E+000         2.0613178395432148E+000         2.0460892229367564E+000        -2.2000000000000002E+000           -2.309822            0.653926            0.618427           -0.114489           -0.572567           -1.033536           -1.652210           -2.142565           -2.211151           -0.396126            0.070353            0.003788            0.737544           -0.019537           -0.334943            0.082548           -0.923600           -0.341090            0.080405            0.106898           -0.925339           -0.918950           -0.335635            0.081217           -0.932585           -2.253397           -1.131183            2.000000
  544         1.0079181246047623E+001         8.1770294075553540E-001         8.1385615820564272E-001         3.7025922794780843E+000         1.1499428402664917E+000         2.0387015297396611E+000         2.0649004940810931E+000        -2.2000000000000002E+000           -2.309778            0.620574            0.579054           -0.158782           -0.619012           -1.081839           -1.703370           -2.195989           -2.265020           -0.442042            0.027138           -0.039989            0.699594           -0.063288           -0.380671            0.039488           -0.971547           -0.386818            0.037219            0.063945           -0.973300           -0.966991           -0.381341            0.038044           -0.980570           -2.307342           -1.179842            2.000000
  545         1.0079181246047623E+001         8.1773633148704317E-001         8.1376892893828234E-001         3.7016528713213037E+000         1.1612261121713388E+000         2.0160815517657094E+000         2.0837094052636669E+000        -2.2000000000000002E+000           -2.309739            0.587380            0.539784           -0.203003           -0.665408           -1.130093           -1.754509           -2.249422           -2.318894           -0.487902           -0.015989           -0.083697            0.661762           -0.106962           -0.426345           -0.003502           -1.019452           -0.432494           -0.005896            0.021062           -1.021219           -1.014990           -0.426994           -0.005060           -1.028513           -2.361291           -1.228444            2.000000
  546         1.0079181246047623E+001         8.1776947239666442E-001         8.1367062406413104E-001         3.7007187470971123E+000         1.1724928905118581E+000         1.9934878815763057E+000         2.1025064650479357E+000        -2.2000000000000002E+000           -2.309709            0.554856            0.500872           -0.247103           -0.711769           -1.178328           -1.805603           -2.302757           -2.372703           -0.533689           -0.058946           -0.127256            0.624358           -0.150492           -0.471939           -0.046321           -1.067346           -0.478089           -0.048843           -0.021642           -1.069126           -1.062972           -0.472567           -0.047995           -1.076443           -2.415177           -1.277020            2.000000
  547         1.0079181246047623E+001         8.1780413487617598E-001         8.1354620946037826E-001         3.6998009186517371E+000         1.1836827076057586E+000         1.9710320763926155E+000         2.1212147854542374E+000        -2.2000000000000002E+000           -2.309676            0.523834            0.462783           -0.290875           -0.757963           -1.226428           -1.856457           -2.355679           -2.426174           -0.579234           -0.101480           -0.170419            0.587921           -0.193642           -0.517265           -0.088695           -1.115112           -0.523421           -0.091350           -0.063884           -1.116901           -1.110814           -0.517875           -0.090489           -1.124242           -2.468729           -1.325456            2.000000
  548         1.0079181246047623E+001         8.1783693211925190E-001         8.1342516405934329E-001         3.6988712936894981E+000         1.1949141316859611E+000         1.9484954945946567E+000         2.1399591337656871E+000        -2.2000000000000002E+000           -2.309634            0.493002            0.424740           -0.334643           -0.804192           -1.274579           -1.907433           -2.408788           -2.479822           -0.624803           -0.143989           -0.213584            0.551551           -0.236782           -0.562622           -0.131065           -1.162936           -0.568781           -0.133854           -0.106121           -1.164734           -1.158713           -0.563213           -0.132980           -1.172097           -2.522455           -1.373940            2.000000
  549         1.0079181246047623E+001         8.1786722256875732E-001         8.1331456976552707E-001         3.6978933126178126E+000         1.2062319798377861E+000         1.9257933711397373E+000         2.1586829057825945E+000        -2.2000000000000002E+000           -2.308956            0.463067            0.387221           -0.378156           -0.850288           -1.322686           -1.958542           -2.462182           -2.533764           -0.670213           -0.186174           -0.256480            0.515803           -0.279641           -0.607813           -0.173130           -1.210711           -0.613977           -0.176059           -0.148048           -1.212519           -1.206565           -0.608385           -0.175171           -1.219904           -2.576478           -1.422384            2.000000
  550         1.0079181246047623E+001         8.1789889125252435E-001         8.1318098234165248E-001         3.6969275999520042E+000         1.2175331047799043E+000         1.9031111030697472E+000         2.1774223050035948E+000        -2.2000000000000002E+000           -2.308471            0.433052            0.349601           -0.421678           -0.896381           -1.370761           -2.009618           -2.515559           -2.587663           -0.715623           -0.228377           -0.299407            0.479934           -0.322515           -0.653015           -0.215238           -1.258469           -0.659181           -0.218304           -0.190021           -1.260286           -1.254397           -0.653567           -0.217403           -1.267693           -2.630453           -1.470783            2.000000
  551         1.0079181246047623E+001         8.1793874735414407E-001         8.1298883176076320E-001         3.6960427458502956E+000         1.2285116268894476E+000         1.8810428259180187E+000         2.1958399328158489E+000        -2.2000000000000002E+000           -2.308224            0.402773            0.312106           -0.464605           -0.941700           -1.417896           -2.059536           -2.567629           -2.640187           -0.760303           -0.270078           -0.341797            0.444058           -0.364844           -0.697507           -0.256869           -1.305322           -0.703674           -0.260063           -0.231530           -1.307146           -1.301314           -0.698040           -0.259150           -1.314573           -2.683043           -1.518205            2.000000
  552         1.0079181246047623E+001         8.1798385536720586E-001         8.1274471286521954E-001         3.6953599465367017E+000         1.2378941258542564E+000         1.8621355186060553E+000         2.2118737334910890E+000        -2.2000000000000002E+000           -2.308068            0.375286            0.278732           -0.502237           -0.981222           -1.458817           -2.102634           -2.612423           -2.685306           -0.799310           -0.306742           -0.379010            0.411955           -0.402004           -0.736368           -0.293482           -1.346030           -0.742537           -0.296781           -0.268050           -1.347860           -1.342069           -0.736888           -0.295859           -1.355301           -2.728209           -1.559343            2.000000
  553         1.0079181246047623E+001         8.1800792667444300E-001         8.1262765324230246E-001         3.6943365658002101E+000         1.2493162462672391E+000         1.8392200321453027E+000         2.2306244513710904E+000        -2.2000000000000002E+000           -2.307123            0.346514            0.241754           -0.545411           -1.027146           -1.506826           -2.153915           -2.666254           -2.739644           -0.844512           -0.348501           -0.421600            0.376854           -0.444498           -0.781368           -0.335214           -1.393739           -0.787538           -0.338654           -0.309642           -1.395578           -1.389848           -0.781867           -0.337718           -1.403039           -2.782623           -1.607660            2.000000
  554         1.0079181246047623E+001         8.1803367199245536E-001         8.1248528105979068E-001         3.6933664864239795E+000         1.2600383652949159E+000         1.8176900666819162E+000         2.2481883719215214E+000        -2.2000000000000002E+000           -2.304835            0.320065            0.207334           -0.585775           -1.070138           -1.551774           -2.201996           -2.716791           -2.790643           -0.886809           -0.387501           -0.461413            0.344266           -0.484217           -0.823475           -0.374210           -1.438420           -0.829645           -0.377782           -0.348503           -1.440266           -1.434592           -0.823954           -0.376834           -1.447745           -2.833690           -1.652886            2.000000
  555         1.0079181246047623E+001         8.1805830715100569E-001         8.1234069026999189E-001         3.6923456453669505E+000         1.2714621805150021E+000         1.7947556108297356E+000         2.2669526381335756E+000        -2.2000000000000002E+000           -2.303755            0.291625            0.170459           -0.628838           -1.115987           -1.599697           -2.253256           -2.770681           -2.845005           -0.931928           -0.429127           -0.503921            0.309292           -0.526597           -0.868406           -0.415862           -1.486074           -0.874574           -0.419573           -0.390019           -1.487928           -1.482309           -0.868864           -0.418614           -1.495425           -2.888122           -1.701089            2.000000
  556         1.0079181246047623E+001         8.1808156588789549E-001         8.1219660954804596E-001         3.6913146485256334E+000         1.2829071367297091E+000         1.7717795537178822E+000         2.2857185631977237E+000        -2.2000000000000002E+000           -2.303118            0.263489            0.133745           -0.671768           -1.161750           -1.647562           -2.304525           -2.824650           -2.899436           -0.976953           -0.470602           -0.546313            0.274497           -0.568839           -0.913251           -0.457395           -1.533683           -0.919417           -0.461245           -0.431415           -1.535543           -1.529976           -0.913688           -0.460273           -1.543057           -2.942622           -1.749220            2.000000
  557         1.0079181246047623E+001         8.1810387835257625E-001         8.1204784523945706E-001         3.6902878397317069E+000         1.2943482640215951E+000         1.7488085036973928E+000         2.3044935826057902E+000        -2.2000000000000002E+000           -2.302669            0.235475            0.097063           -0.714643           -1.207472           -1.695381           -2.355771           -2.878628           -2.953862           -1.021935           -0.512015           -0.588669            0.239737           -0.611025           -0.958062           -0.498894           -1.581263           -0.964225           -0.502882           -0.472780           -1.583130           -1.577610           -0.958478           -0.501898           -1.590659           -2.997113           -1.797288            2.000000
  558         1.0079181246047623E+001         8.1812544176786584E-001         8.1189289575509316E-001         3.6892523239967385E+000         1.3058031361109623E+000         1.7258063703361626E+000         2.3232612638446506E+000        -2.2000000000000002E+000           -2.302324            0.207834            0.060580           -0.757371           -1.253093           -1.743123           -2.407002           -2.932656           -3.008328           -1.066809           -0.553257           -0.630890            0.205206           -0.653057           -1.002771           -0.540253           -1.628780           -1.008930           -0.544379           -0.514006           -1.630654           -1.625179           -1.003165           -0.543384           -1.638198           -3.051643           -1.845263            2.000000
  559         1.0079181246047623E+001         8.1814638042207699E-001         8.1173106656169103E-001         3.6882174446808387E+000         1.3172574128569294E+000         1.7028014737834503E+000         2.3420303000729850E+000        -2.2000000000000002E+000           -2.302051            0.180424            0.024202           -0.800007           -1.298650           -1.790805           -2.458208           -2.986696           -3.062795           -1.111613           -0.594394           -0.673036            0.170796           -0.694993           -1.047418           -0.581537           -1.676257           -1.053572           -0.585799           -0.555157           -1.678136           -1.672702           -1.047791           -0.584794           -1.685693           -3.106172           -1.893161            2.000000
  560         1.0079181246047623E+001         8.1816663380874521E-001         8.1156253770688425E-001         3.6871766158687578E+000         1.3287195363158093E+000         1.6797769543959071E+000         2.3607912317424220E+000        -2.2000000000000002E+000           -2.301828            0.153384           -0.011979           -0.842500           -1.344108           -1.838407           -2.509385           -3.040763           -3.117282           -1.156310           -0.635365           -0.715052            0.136616           -0.736778           -1.091964           -0.622684           -1.723671           -1.098112           -0.627083           -0.596173           -1.725555           -1.720157           -1.092315           -0.626067           -1.733124           -3.160719           -1.940959            2.000000
  561         1.0079181246047623E+001         8.1818625185525629E-001         8.1138637595945684E-001         3.6861261400498027E+000         1.3401943162113561E+000         1.6567226493711438E+000         2.3795388882576947E+000        -2.2000000000000002E+000           -2.301641            0.126808           -0.047897           -0.884814           -1.389444           -1.885918           -2.560536           -3.094868           -3.171803           -1.200874           -0.676129           -0.756901            0.102738           -0.778374           -1.136384           -0.663657           -1.771012           -1.142525           -0.668192           -0.637013           -1.772900           -1.767534           -1.136713           -0.667166           -1.780480           -3.215301           -1.988648            2.000000
  562         1.0079181246047623E+001         8.1820523846428350E-001         8.1120259318215537E-001         3.6850781442921319E+000         1.3516617210864430E+000         1.6336786356221353E+000         2.3982817149771840E+000        -2.2000000000000002E+000           -2.301481            0.100502           -0.083681           -0.927020           -1.434700           -1.933355           -2.611638           -3.148954           -3.226298           -1.245353           -0.716769           -0.798656            0.069018           -0.819857           -1.180726           -0.704536           -1.818300           -1.186859           -0.709206           -0.677759           -1.820192           -1.814853           -1.181033           -0.708170           -1.827781           -3.269854           -2.036241            2.000000
  563         1.0079181246047623E+001         8.1822368607627483E-001         8.1101032621494185E-001         3.6840266576241549E+000         1.3631351584743716E+000         1.6106176058189252E+000         2.4170226430811326E+000        -2.2000000000000002E+000           -2.301342            0.074569           -0.119268           -0.969095           -1.479869           -1.980727           -2.662717           -3.203063           -3.280810           -1.289738           -0.757255           -0.840293            0.035530           -0.861201           -1.224980           -0.745291           -1.865544           -1.231105           -0.750095           -0.718382           -1.867439           -1.862122           -1.225265           -0.749050           -1.875036           -3.324423           -2.083748            2.000000
  564         1.0079181246047623E+001         8.1824155056241032E-001         8.1080981501165850E-001         3.6829719901900853E+000         1.3746103497657223E+000         1.5875482390289173E+000         2.4357543559275592E+000        -2.2000000000000002E+000           -2.301221            0.049046           -0.154629           -1.011018           -1.524934           -2.028018           -2.713756           -3.257172           -3.335322           -1.334009           -0.797565           -0.881789            0.002309           -0.902383           -1.269127           -0.785900           -1.912728           -1.275242           -0.790837           -0.758859           -1.914625           -1.909325           -1.269390           -0.789784           -1.922228           -3.378993           -2.131150            2.000000
  565         1.0079181246047623E+001         8.1825885767494699E-001         8.1060130133844732E-001         3.6819072107002393E+000         1.3860903296186495E+000         1.5644646071783253E+000         2.4544551976740290E+000        -2.2000000000000002E+000           -2.301115            0.024116           -0.189626           -1.052699           -1.569825           -2.075173           -2.764722           -3.311269           -3.389827           -1.378094           -0.837598           -0.923053           -0.030495           -0.943309           -1.313092           -0.826265           -1.959799           -1.319197           -0.831335           -0.799091           -1.961698           -1.956408           -1.313333           -0.830274           -1.969305           -3.433555           -2.178394            2.000000
  566         1.0079181246047623E+001         8.1827562083650562E-001         8.1038354846893923E-001         3.6808453551808684E+000         1.3975711034473268E+000         1.5413739070771413E+000         2.4731693232539000E+000        -2.2000000000000002E+000           -2.301020           -0.000521           -0.224487           -1.094303           -1.614676           -2.122304           -2.815681           -3.365382           -3.444345           -1.422131           -0.877534           -0.964252           -0.063127           -0.984150           -1.357018           -0.866564           -2.006869           -1.363112           -0.871765           -0.839256           -2.008769           -2.003484           -1.357236           -0.870697           -2.016379           -3.488130           -2.225587            2.000000
  567         1.0079181246047623E+001         8.1829189810560710E-001         8.1015630252025028E-001         3.6797711465020595E+000         1.4090674625058615E+000         1.5182464600487173E+000         2.4918652066557323E+000        -2.2000000000000002E+000           -2.300935           -0.024507           -0.258962           -1.135677           -1.659375           -2.169333           -2.866606           -3.419522           -3.498902           -1.466002           -0.917200           -1.005228           -0.095307           -1.024742           -1.400781           -0.906625           -2.053862           -1.406864           -0.911957           -0.879181           -2.055762           -2.050476           -1.400977           -0.910881           -2.063372           -3.542744           -2.272653            2.000000
  568         1.0079181246047623E+001         8.1830770297726962E-001         8.0991914096700923E-001         3.6786923122585353E+000         1.4205880169712355E+000         1.4950647389941332E+000         2.5105909786123841E+000        -2.2000000000000002E+000           -2.300858           -0.047649           -0.293105           -1.176991           -1.704086           -2.216456           -2.917638           -3.473724           -3.553550           -1.509885           -0.956771           -1.046131           -0.127049           -1.065246           -1.444554           -0.946586           -2.100934           -1.450625           -0.952052           -0.919002           -2.102834           -2.097550           -1.444728           -0.950970           -2.110447           -3.597451           -2.319812            2.000000
  569         1.0079181246047623E+001         8.1832301243479599E-001         8.0967201472494077E-001         3.6776038528546824E+000         1.4321220388823204E+000         1.4718502442565555E+000         2.5293051848191421E+000        -2.2000000000000002E+000           -2.300789           -0.068606           -0.326315           -1.218082           -1.748803           -2.263737           -2.968789           -3.527790           -3.608154           -1.553725           -0.996004           -1.086759           -0.157611           -1.105448           -1.488263           -0.986200           -2.148116           -1.494328           -0.991808           -0.958459           -2.150019           -2.144746           -1.488415           -0.990719           -2.157640           -3.652122           -2.367144            2.000000
  570         1.0079181246047623E+001         8.1833788991415579E-001         8.0941423202965512E-001         3.6765026374124394E+000         1.4436675590578201E+000         1.4486064084063530E+000         2.5479913634011688E+000        -2.2000000000000002E+000           -2.300726           -0.088699           -0.359007           -1.258919           -1.793338           -2.310911           -3.019904           -3.581864           -3.662790           -1.597382           -1.034961           -1.127121           -0.187550           -1.145370           -1.531790           -1.025523           -2.195165           -1.537847           -1.031276           -0.997621           -2.197071           -2.191818           -1.531920           -1.030180           -2.204703           -3.706827           -2.414384            2.000000
  571         1.0079181246047623E+001         8.1835231665647112E-001         8.0914682519593362E-001         3.6754148561241666E+000         1.4551657048714679E+000         1.4254517384081757E+000         2.5666365298753751E+000        -2.2000000000000002E+000           -2.300669           -0.108412           -0.391451           -1.299605           -1.837718           -2.357944           -3.070861           -3.635751           -3.717246           -1.640901           -1.073777           -1.167328           -0.217191           -1.185133           -1.575181           -1.064687           -2.242051           -1.581230           -1.070583           -1.036623           -2.243961           -2.238739           -1.575288           -1.069481           -2.251606           -3.761350           -2.461501            2.000000
  572         1.0079181246047623E+001         8.1836635766250043E-001         8.0886692994494691E-001         3.6743103117341014E+000         1.4667155003653265E+000         1.4021862688168283E+000         2.5853179433028313E+000        -2.2000000000000002E+000           -2.300616           -0.127322           -0.423484           -1.340173           -1.882068           -2.405029           -3.121958           -3.689833           -3.771918           -1.684386           -1.112441           -1.207404           -0.246306           -1.224748           -1.618537           -1.103693           -2.288964           -1.624579           -1.109735           -1.075461           -2.290880           -2.285696           -1.618623           -1.108627           -2.298539           -3.816091           -2.508687            2.000000
  573         1.0079181246047623E+001         8.1837999928426286E-001         8.0857662178067269E-001         3.6732071042778927E+000         1.4782299675948236E+000         1.3789854081937434E+000         2.6039340479369910E+000        -2.2000000000000002E+000           -2.300566           -0.145566           -0.455075           -1.380466           -1.926178           -2.451911           -3.172876           -3.743740           -3.826428           -1.727638           -1.150821           -1.247199           -0.274906           -1.264071           -1.661663           -1.142407           -2.335653           -1.667697           -1.148594           -1.114004           -2.337575           -2.332438           -1.661726           -1.147480           -2.345251           -3.870670           -2.555689            2.000000
  574         1.0079181246047623E+001         8.1839328360140917E-001         8.0827463432089997E-001         3.6721006008516461E+000         1.4897489423660710E+000         1.3557685804520951E+000         2.6225459837745007E+000        -2.2000000000000002E+000           -2.300521           -0.163184           -0.486314           -1.420607           -1.970187           -2.498742           -3.223787           -3.797655           -3.880960           -1.770794           -1.189029           -1.286839           -0.303068           -1.303222           -1.704695           -1.180948           -2.382269           -1.710720           -1.187280           -1.152372           -2.384198           -2.379118           -1.704736           -1.186162           -2.391894           -3.925272           -2.602659            2.000000
  575         1.0079181246047623E+001         8.1840635435103659E-001         8.0795816682787203E-001         3.6709827960955996E+000         1.5013189371680751E+000         1.3324411485908016E+000         2.6412147543543227E+000        -2.2000000000000002E+000           -2.300478           -0.180140           -0.517248           -1.460703           -2.014230           -2.545673           -3.274871           -3.851781           -3.935721           -1.813982           -1.227157           -1.326425           -0.330821           -1.342301           -1.747761           -1.219414           -2.428965           -1.753777           -1.225892           -1.190659           -2.430902           -2.425887           -1.747780           -1.224770           -2.438620           -3.980104           -2.649749            2.000000
  576         1.0079181246047623E+001         8.1841927554053107E-001         8.0762794575885510E-001         3.6698613381282996E+000         1.5128906273297660E+000         1.3091022199907583E+000         2.6598723028085005E+000        -2.2000000000000002E+000           -2.300439           -0.196439           -0.547804           -1.500622           -2.058155           -2.592534           -3.325932           -3.905900           -3.990487           -1.857055           -1.265085           -1.365834           -0.358110           -1.381182           -1.790715           -1.257683           -2.475570           -1.796721           -1.264309           -1.228748           -2.477516           -2.472575           -1.790710           -1.263183           -2.485257           -4.034943           -2.696788            2.000000
  577         1.0079181246047623E+001         8.1843248063750162E-001         8.0728268555096694E-001         3.6687433394892395E+000         1.5244565116131756E+000         1.2857663522001812E+000         2.6785320768190806E+000        -2.2000000000000002E+000           -2.300402           -0.212275           -0.578108           -1.540439           -2.102013           -2.639359           -3.376976           -3.959999           -4.045239           -1.900069           -1.302893           -1.405141           -0.385082           -1.419945           -1.833613           -1.295841           -2.522121           -1.839610           -1.302615           -1.266724           -2.524078           -2.519217           -1.833587           -1.301485           -2.531844           -4.089768           -2.743810            2.000000
  578         1.0079181246047623E+001         8.1844944610564085E-001         8.0691248428755302E-001         3.6676397256912328E+000         1.5359483304059232E+000         1.2625668575832536E+000         2.6971012592125492E+000        -2.2000000000000002E+000           -2.300367           -0.227700           -0.608078           -1.579986           -2.145602           -2.685918           -3.427734           -4.013779           -4.099670           -1.942829           -1.340432           -1.444187           -0.411692           -1.458433           -1.876263           -1.333737           -2.568392           -1.882249           -1.340656           -1.304438           -2.570360           -2.565587           -1.876214           -1.339523           -2.578154           -4.144273           -2.790584            2.000000
  579         1.0079181246047623E+001         8.1846395671504135E-001         8.0653417379820502E-001         3.6667756167742160E+000         1.5448937195553736E+000         1.2444535924611100E+000         2.7115356018433836E+000        -2.2000000000000002E+000           -2.300334           -0.239171           -0.631054           -1.610602           -2.179414           -2.722079           -3.467206           -4.055620           -4.142027           -1.975995           -1.369459           -1.474412           -0.432021           -1.488208           -1.909347           -1.363054           -2.604317           -1.915324           -1.370087           -1.333611           -2.606294           -2.601594           -1.909280           -1.368952           -2.614110           -4.186687           -2.826926            2.000000
  580         1.0079181246047623E+001         8.1847341351122460E-001         8.0615356733876231E-001         3.6659052974718778E+000         1.5537642190681633E+000         1.2264846183005860E+000         2.7257953236596091E+000        -2.2000000000000002E+000           -2.300303           -0.249797           -0.653352           -1.640670           -2.212723           -2.757772           -3.506252           -4.097057           -4.183991           -2.008659           -1.397916           -1.504092           -0.451617           -1.517421           -1.941932           -1.391814           -2.639762           -1.947899           -1.398961           -1.362226           -2.641748           -2.637127           -1.941847           -1.397824           -2.649589           -4.228711           -2.862813            2.000000
  581         1.0079181246047623E+001         8.1848745530420364E-001         8.0574879891519569E-001         3.6649762904410821E+000         1.5634388824919478E+000         1.2068953856362135E+000         2.7414286223839963E+000        -2.2000000000000002E+000           -2.300274           -0.261691           -0.677964           -1.673697           -2.249257           -2.796881           -3.548965           -4.142326           -4.229822           -2.044505           -1.429196           -1.536705           -0.473266           -1.549520           -1.977695           -1.423432           -2.678596           -1.983652           -1.430702           -1.393687           -2.680593           -2.676060           -1.977590           -1.429563           -2.688460           -4.274606           -2.902145            2.000000
  582         1.0079181246047623E+001         8.1849812774970343E-001         8.0533415457007740E-001         3.6638483022154933E+000         1.5750230668810548E+000         1.1834790326326383E+000         2.7600850382598576E+000        -2.2000000000000002E+000           -2.300222           -0.274959           -0.706889           -1.712875           -2.292728           -2.843505           -3.599995           -4.196465           -4.284652           -2.087147           -1.466233           -1.575389           -0.498459           -1.587557           -2.020243           -1.460900           -2.724873           -2.026186           -1.468318           -1.430965           -2.726883           -2.722464           -2.020115           -1.467178           -2.734785           -4.329515           -2.949057            2.000000
  583         1.0079181246047623E+001         8.1850840686123072E-001         8.0490245405816163E-001         3.6627243071850586E+000         1.5866050044307123E+000         1.1600567623745182E+000         2.7787529332374263E+000        -2.2000000000000002E+000           -2.300135           -0.287820           -0.735618           -1.751971           -2.336159           -2.890115           -3.651030           -4.250607           -4.339486           -2.129756           -1.503162           -1.614001           -0.523380           -1.625499           -2.062763           -1.498286           -2.771121           -2.068692           -1.505851           -1.468159           -2.773146           -2.768846           -2.062612           -1.504710           -2.781083           -4.384431           -2.995975            2.000000
  584         1.0079181246047623E+001         8.1851848284908291E-001         8.0445242180669096E-001         3.6615964409011688E+000         1.5981928794180007E+000         1.1366115672424544E+000         2.7974172180764478E+000        -2.2000000000000002E+000           -2.300057           -0.300071           -0.763890           -1.790899           -2.379488           -2.936667           -3.702056           -4.304756           -4.394336           -2.172265           -1.539883           -1.652453           -0.547875           -1.663251           -2.105190           -1.535496           -2.817297           -2.111104           -1.543210           -1.505177           -2.819336           -2.815163           -2.105015           -1.542068           -2.827311           -4.439363           -3.042857            2.000000
  585         1.0079181246047623E+001         8.1852828655757337E-001         8.0398588661516945E-001         3.6604546395992887E+000         1.6097634520218098E+000         1.1131910383129830E+000         2.8159911580765455E+000        -2.2000000000000002E+000           -2.299985           -0.311267           -0.791474           -1.829379           -2.422467           -2.982939           -3.752891           -4.358761           -4.449056           -2.214422           -1.576100           -1.690464           -0.571564           -1.700528           -2.147271           -1.572242           -2.863173           -2.153168           -1.580104           -1.541727           -2.865228           -2.861189           -2.147071           -1.578962           -2.873243           -4.494170           -3.089485            2.000000
  586         1.0079181246047623E+001         8.1853785128285239E-001         8.0349816264534790E-001         3.6593280629690810E+000         1.6213229199634633E+000         1.0897798890046166E+000         2.8346037874390211E+000        -2.2000000000000002E+000           -2.299920           -0.322417           -0.819091           -1.867910           -2.465506           -3.029270           -3.803761           -4.412767           -4.503769           -2.256650           -1.612355           -1.728543           -0.595250           -1.737850           -2.189432           -1.609056           -2.909097           -2.195312           -1.617065           -1.578348           -2.911169           -2.907268           -2.189208           -1.615924           -2.919225           -4.548969           -3.136189            2.000000
  587         1.0079181246047623E+001         8.1854718286460226E-001         8.0299128228084982E-001         3.6581931242171191E+000         1.6328763877191532E+000         1.0663690952759242E+000         2.8531709679425536E+000        -2.2000000000000002E+000           -2.299860           -0.332765           -0.846198           -1.906136           -2.508322           -3.075433           -3.854527           -4.466702           -4.558421           -2.298657           -1.648253           -1.766329           -0.618341           -1.774844           -2.231379           -1.645558           -2.954838           -2.237240           -1.653715           -1.614655           -2.956926           -2.953171           -2.231129           -1.652575           -2.965025           -4.603711           -3.182750            2.000000
  588         1.0079181246047623E+001         8.1855623545969947E-001         8.0246175771799710E-001         3.6570563572813293E+000         1.6444658191874191E+000         1.0428724525777233E+000         2.8718027631359275E+000        -2.2000000000000002E+000           -2.299805           -0.342709           -0.873147           -1.944368           -2.551211           -3.121711           -3.905467           -4.520811           -4.613250           -2.340739           -1.684113           -1.804136           -0.641205           -1.811824           -2.273408           -1.682065           -3.000679           -2.279249           -1.690370           -1.650967           -3.002785           -2.999182           -2.273133           -1.689231           -3.010929           -4.658631           -3.229450            2.000000
  589         1.0079181246047623E+001         8.1856506617033153E-001         8.0190852076298957E-001         3.6559128166932715E+000         1.6560614096940682E+000         1.0193488343166672E+000         2.8904197817969939E+000        -2.2000000000000002E+000           -2.299754           -0.351953           -0.899677           -1.982374           -2.593954           -3.167897           -3.956349           -4.574919           -4.668085           -2.382677           -1.719693           -1.841730           -0.663570           -1.848556           -2.315302           -1.718343           -3.046412           -2.321122           -1.726796           -1.687048           -3.048536           -3.045091           -2.315000           -1.725659           -3.056726           -4.713560           -3.276083            2.000000
  590         1.0079181246047623E+001         8.1857366623159766E-001         8.0133198851533982E-001         3.6547816892793659E+000         1.6676432979386904E+000         9.9583844499675567E-001         2.9090590486306160E+000        -2.2000000000000002E+000           -2.299706           -0.360678           -0.925974           -2.020284           -2.636675           -3.214129           -4.007267           -4.628987           -4.722878           -2.424606           -1.755108           -1.879266           -0.685643           -1.885173           -2.357201           -1.754550           -3.092170           -2.362998           -1.763149           -1.723060           -3.094312           -3.091028           -2.356873           -1.762015           -3.102550           -4.768451           -3.322783            2.000000
  591         1.0079181246047623E+001         8.1858200400703773E-001         8.0073211420150026E-001         3.6536366753720095E+000         1.6792437947965970E+000         9.7227634774650351E-001         2.9276799867170045E+000        -2.2000000000000002E+000           -2.299662           -0.366606           -0.950840           -2.057479           -2.679052           -3.260385           -4.058294           -4.683012           -4.777668           -2.466201           -1.789511           -1.916181           -0.706004           -1.920986           -2.398805           -1.790053           -3.137876           -2.404573           -1.798803           -1.758368           -3.140045           -3.136927           -2.398448           -1.797675           -3.148332           -4.823344           -3.369549            2.000000
  592         1.0079181246047623E+001         8.1859011217831756E-001         8.0010666850965628E-001         3.6524938989890621E+000         1.6908288466517574E+000         9.4872929922704574E-001         2.9462789848955344E+000        -2.2000000000000002E+000           -2.299620           -0.372062           -0.975375           -2.094455           -2.721280           -3.306535           -4.109242           -4.736976           -4.832391           -2.507654           -1.823636           -1.952907           -0.725987           -1.956564           -2.440278           -1.825358           -3.183456           -2.446015           -1.834256           -1.793479           -3.185653           -3.182707           -2.439892           -1.833137           -3.193991           -4.878172           -3.416234            2.000000
  593         1.0079181246047623E+001         8.1859802489146327E-001         7.9945218896867476E-001         3.6513649666074546E+000         1.7024057681356832E+000         9.2518076750270839E-001         2.9649170983369553E+000        -2.2000000000000002E+000           -2.299581           -0.377510           -0.999907           -2.131444           -2.763555           -3.352743           -4.160231           -4.790961           -4.887120           -2.549163           -1.857734           -1.989679           -0.745949           -1.992149           -2.481818           -1.860709           -3.229079           -2.487523           -1.869754           -1.828639           -3.231303           -3.228532           -2.481404           -1.868644           -3.239692           -4.933005           -3.462996            2.000000
  594         1.0079181246047623E+001         8.1860569363765456E-001         7.9877073835834855E-001         3.6502305184960520E+000         1.7139838533401421E+000         9.0161301684373418E-001         2.9835354763002644E+000        -2.2000000000000002E+000           -2.299545           -0.382296           -1.023994           -2.168162           -2.805659           -3.398842           -4.211174           -4.844939           -4.941841           -2.590503           -1.891486           -2.026211           -0.765404           -2.027438           -2.523200           -1.895802           -3.274571           -2.528872           -1.904992           -1.863541           -3.276824           -3.274234           -2.522756           -1.903892           -3.285266           -4.987832           -3.509678            2.000000
  595         1.0079181246047623E+001         8.1861315838067705E-001         7.9805991540018928E-001         3.6491027918210186E+000         1.7255550676803342E+000         8.7804084047948372E-001         3.0021669982805137E+000        -2.2000000000000002E+000           -2.299510           -0.386852           -1.047915           -2.204779           -2.847720           -3.444928           -4.262113           -4.898913           -4.996551           -2.631806           -1.925083           -2.062676           -0.784677           -2.062615           -2.564556           -1.930822           -3.320030           -2.570194           -1.940156           -1.898372           -3.322312           -3.319924           -2.564083           -1.939067           -3.330808           -5.042648           -3.556381            2.000000
  596         1.0079181246047623E+001         8.1862040838911709E-001         7.9731820208587445E-001         3.6479714465637074E+000         1.7371159520667281E+000         8.5446997711927986E-001         3.0207633860240581E+000        -2.2000000000000002E+000           -2.299477           -0.390791           -1.071391           -2.241100           -2.889578           -3.490868           -4.312959           -4.952829           -5.051200           -2.672909           -1.958312           -2.098879           -0.803450           -2.097474           -2.605725           -1.965564           -3.365322           -2.611326           -1.975040           -1.932926           -3.367633           -3.365456           -2.605221           -1.973963           -3.376194           -5.097405           -3.602929            2.000000
  597         1.0079181246047623E+001         8.1862749720621031E-001         7.9654228061027688E-001         3.6468635305348456E+000         1.7486483101764179E+000         8.3093504766136339E-001         3.0393964381279903E+000        -2.2000000000000002E+000           -2.299446           -0.395054           -1.095037           -2.277505           -2.931518           -3.536870           -4.363808           -5.006702           -5.105784           -2.714107           -1.991605           -2.135202           -0.822424           -2.132422           -2.646998           -2.000438           -3.410665           -2.652563           -2.010053           -1.967617           -3.413011           -3.411039           -2.646465           -2.008988           -3.421640           -5.152096           -3.649575            2.000000
  598         1.0079181246047623E+001         8.1863436811487078E-001         7.9573400968498231E-001         3.6457403278088414E+000         1.7601939743922554E+000         8.0735296226330222E-001         3.0579949556556496E+000        -2.2000000000000002E+000           -2.299417           -0.398382           -1.118050           -2.313523           -2.973209           -3.582715           -4.414598           -5.060586           -5.160389           -2.755053           -2.024413           -2.171173           -0.840672           -2.166950           -2.688032           -2.034932           -3.455824           -2.693558           -2.044685           -2.001927           -3.458214           -3.456437           -2.687468           -2.043634           -3.466890           -5.206810           -3.696115            2.000000
  599         1.0079181246047623E+001         8.1864106618899846E-001         7.9488960439296774E-001         3.6446355918505500E+000         1.7716988114803760E+000         7.8383006449649195E-001         3.0765856859987228E+000        -2.2000000000000002E+000           -2.299389           -0.401838           -1.141065           -2.349485           -3.014853           -3.628520           -4.465293           -5.114346           -5.214850           -2.795964           -2.057138           -2.207125           -0.858942           -2.201424           -2.729043           -2.069415           -3.500920           -2.734529           -2.079302           -2.036230           -3.503330           -3.501749           -2.728448           -2.078267           -3.512057           -5.261379           -3.742603            2.000000
  600         1.0079181246047623E+001         8.1864760549676130E-001         7.9400502417173024E-001         3.6435328153263278E+000         1.7832106380769637E+000         7.6026781218887240E-001         3.0951982330950103E+000        -2.2000000000000002E+000           -2.299363           -0.404991           -1.163867           -2.385328           -3.056455           -3.674294           -4.516017           -5.168155           -5.269358           -2.836838           -2.089681           -2.242994           -0.876966           -2.235764           -2.770027           -2.103805           -3.545979           -2.775473           -2.113825           -2.070443           -3.548421           -3.547047           -2.769400           -2.112806           -3.557207           -5.315996           -3.789119            2.000000
  601         1.0079181246047623E+001         8.1865393657781638E-001         7.9309642899335020E-001         3.6424606171563272E+000         1.7945111819724646E+000         7.3711434381243124E-001         3.1135105282060094E+000        -2.2000000000000002E+000           -2.299337           -0.408111           -1.186249           -2.420521           -3.097341           -3.719314           -4.565865           -5.221025           -5.322901           -2.877017           -2.121592           -2.278250           -0.894655           -2.269474           -2.810326           -2.137608           -3.590272           -2.815730           -2.147755           -2.104073           -3.592736           -3.591568           -2.809668           -2.146752           -3.601579           -5.369647           -3.834866            2.000000
  602         1.0079181246047623E+001         8.1866017014902348E-001         7.9212767168774745E-001         3.6413859912132653E+000         1.8059388655009454E+000         7.1366771375538374E-001         3.1320673914907240E+000        -2.2000000000000002E+000           -2.299313           -0.411268           -1.208861           -2.456103           -3.138722           -3.764904           -4.616319           -5.274535           -5.377082           -2.917692           -2.153811           -2.313932           -0.912520           -2.303550           -2.851132           -2.171818           -3.635118           -2.856493           -2.182092           -2.138114           -3.637592           -3.636634           -2.850443           -2.181107           -3.646492           -5.423935           -3.881205            2.000000
  603         1.0079181246047623E+001         8.1866632225054192E-001         7.9109896862303697E-001         3.6403184445667125E+000         1.8173867676591278E+000         6.9014219095819573E-001         3.1506930092208760E+000        -2.2000000000000002E+000           -2.299290           -0.414411           -1.231474           -2.491728           -3.180200           -3.810618           -4.666904           -5.328183           -5.431392           -2.958472           -2.186022           -2.349695           -0.930373           -2.337657           -2.892055           -2.206104           -3.680069           -2.897371           -2.216502           -2.172232           -3.682586           -3.681816           -2.891333           -2.215535           -3.691520           -5.478353           -3.927695            2.000000
  604         1.0079181246047623E+001         8.1867242452088362E-001         7.9000325187313003E-001         3.6392802534579127E+000         1.8287526286196742E+000         6.6673895639739433E-001         3.1692719667067726E+000        -2.2000000000000002E+000           -2.299267           -0.418026           -1.254243           -2.527316           -3.221592           -3.856198           -4.717260           -5.381541           -5.485387           -2.999185           -2.218208           -2.385456           -0.948457           -2.371746           -2.932918           -2.240409           -3.724888           -2.938190           -2.250928           -2.206375           -3.727443           -3.726863           -2.932165           -2.249980           -3.736420           -5.532453           -3.974060            2.000000
  605         1.0079181246047623E+001         8.1867929936261619E-001         7.8865888329992317E-001         3.6383298207942953E+000         1.8400227376873739E+000         6.4337277664715309E-001         3.1880104541877019E+000        -2.2000000000000002E+000           -2.299242           -0.424284           -1.278664           -2.563872           -3.263679           -3.902255           -4.767744           -5.434789           -5.539193           -3.040632           -2.251509           -2.422212           -0.968457           -2.406875           -2.974517           -2.275787           -3.770217           -2.979746           -2.286417           -2.241603           -3.772802           -3.772407           -2.973734           -2.285488           -3.781842           -5.586354           -4.020866            3.000000
  606         1.0079181246047623E+001         8.1867946582828199E-001         7.8861430697883139E-001         3.6386928257440472E+000         1.8350937825142051E+000         6.5320232174716275E-001         3.1796045636403720E+000        -2.2000000000000002E+000           -2.299242           -0.419316           -1.266487           -2.546897           -3.244513           -3.881524           -4.745305           -5.411297           -5.515498           -3.021720           -2.235826           -2.405154           -0.958021           -2.390467           -2.955545           -2.259274           -3.749771           -2.960790           -2.269860           -2.225148           -3.752345           -3.751878           -2.954773           -2.268923           -3.761361           -5.562624           -3.999842            3.000000
  607         1.0079181246047623E+001         8.1867946803377567E-001         7.8861363402349705E-001         3.6477977850656282E+000         1.7587841417858394E+000         8.0582118998371821E-001         3.0634051194699632E+000        -2.2000000000000002E+000           -2.299242           -0.467480           -1.163995           -2.342469           -2.994802           -3.598634           -4.421991           -5.061971           -5.159977           -2.777564           -2.057391           -2.200248           -0.893100           -2.197747           -2.710400           -2.065926           -3.472786           -2.715991           -2.075528           -2.033195           -3.475116           -3.472948           -2.709894           -2.074464           -3.483698           -5.206169           -3.710938            3.000000
  608         1.0079181246047623E+001         8.1867947356220960E-001         7.8861278499859355E-001         3.6624219992459022E+000         1.6325526686454079E+000         1.0582836049407716E+000         2.8694390299101959E+000        -2.2000000000000002E+000           -2.299242           -0.472027           -0.944714           -1.973220           -2.562214           -3.119020           -3.881710           -4.482165           -4.570271           -2.354717           -1.721829           -1.834537           -0.728651           -1.845250           -2.287477           -1.717302           -2.999782           -2.293423           -1.725151           -1.687007           -3.001808           -2.997514           -2.287327           -1.724002           -3.009780           -4.615128           -3.225101            3.000000
  609         1.0079181246047623E+001         8.1867949502985238E-001         7.8861178780354013E-001         3.6776828998305167E+000         1.5013598737859404E+000         1.3206685913895810E+000         2.6680970425297215E+000        -2.2000000000000002E+000           -2.299242           -0.374095           -0.661552           -1.563044           -2.097453           -2.614355           -3.319448           -3.878063           -3.957006           -1.901254           -1.338862           -1.430780           -0.489904           -1.449150           -1.835392           -1.328656           -2.498384           -1.841490           -1.334709           -1.300820           -2.500286           -2.494979           -1.835548           -1.333590           -2.507937           -4.000756           -2.717908            3.000000
  610         1.0079181246047623E+001         8.1867953418650674E-001         7.8861087630909366E-001         3.6934535236546240E+000         1.3674066041667432E+000         1.5885745846138093E+000         2.4632729985877537E+000        -2.2000000000000002E+000           -2.299242           -0.175764           -0.320753           -1.122854           -1.611267           -2.092772           -2.743753           -3.259907           -3.331846           -1.425705           -0.922502           -0.997124           -0.181570           -1.020203           -1.361803           -0.908162           -1.979195           -1.367991           -0.912403           -0.882504           -1.981040           -1.975312           -1.362272           -0.911397           -1.988519           -3.374577           -2.194067            3.000000
  611         1.0079181246047623E+001         8.1867958724657242E-001         7.8861022288884053E-001         3.7075797417202865E+000         1.2358270491779169E+000         1.8517333321822746E+000         2.2566187608727528E+000        -2.2000000000000002E+000           -2.299242            0.115870            0.067928           -0.653600           -1.106926           -1.558609           -2.165896           -2.647508           -2.712566           -0.929888           -0.471151           -0.535914            0.183284           -0.559879           -0.868792           -0.457939           -1.450130           -0.874942           -0.460426           -0.434167           -1.451833           -1.445057           -0.869527           -0.459591           -1.458961           -2.754196           -1.654628            3.000000
  612         1.0079181246047623E+001         8.1867966227241074E-001         7.8860968968278244E-001         3.7135472916575867E+000         1.1561763126718017E+000         2.0110345294178065E+000         2.1211874876097210E+000        -2.2000000000000002E+000           -2.299242            0.358501            0.352043           -0.331609           -0.769660           -1.208683           -1.799451           -2.268902           -2.330046           -0.596883           -0.156831           -0.218495            0.457538           -0.241956           -0.537488           -0.145651           -1.102912           -0.543564           -0.147263           -0.122737           -1.104540           -1.097259           -0.538330           -0.146523           -1.111480           -2.371067           -1.302004            3.000000
  613         1.0079181246047623E+001         8.1867976569657530E-001         7.8860924548767741E-001         3.7118146100245735E+000         1.1748645045890651E+000         1.9736579228951667E+000         2.1516331449121955E+000        -2.2000000000000002E+000           -2.299242            0.307409            0.290581           -0.403147           -0.845314           -1.287987           -1.883511           -2.356506           -2.418774           -0.671449           -0.226323           -0.288806            0.398843           -0.312401           -0.611595           -0.214590           -1.181423           -0.617691           -0.216425           -0.191424           -1.183074           -1.175946           -0.612407           -0.215660           -1.190070           -2.459979           -1.382101            3.000000
  614         1.0079181246047623E+001         8.1867987679225562E-001         7.8860893964074807E-001         3.7088398947184906E+000         1.2062575305282701E+000         1.9108717131089386E+000         2.2025203355662750E+000        -2.2000000000000002E+000           -2.299242            0.225401            0.190057           -0.522009           -0.971523           -1.420557           -2.024316           -2.503390           -2.567662           -0.795705           -0.341488           -0.405499            0.303026           -0.429304           -0.735052           -0.328859           -1.312655           -0.741183           -0.331080           -0.305236           -1.314344           -1.307470           -0.735812           -0.330273           -1.321433           -2.609182           -1.516012            3.000000
  615         1.0079181246047623E+001         8.1868011043105271E-001         7.8860194128789485E-001         3.7040469790436985E+000         1.2357142597395621E+000         1.8519533231595355E+000         2.2422621312896869E+000        -2.2000000000000002E+000           -2.299242            0.192738            0.131599           -0.607036           -1.067572           -1.526818           -2.144438           -2.634109           -2.701326           -0.889179           -0.420932           -0.487630            0.251993           -0.511449           -0.827490           -0.407490           -1.416929           -0.833653           -0.410210           -0.383188           -1.418673           -1.412209           -0.828165           -0.409348           -1.425903           -2.743325           -1.624310            3.000000
  616         1.0079181246047623E+001         8.1868038099007601E-001         7.8859619131955427E-001         3.7044666312741263E+000         1.2359797130006809E+000         1.8514185814726378E+000         2.2444716467336407E+000        -2.2000000000000002E+000           -2.299242            0.182345            0.122772           -0.613853           -1.073534           -1.531884           -2.148268           -2.636978           -2.703935           -0.895299           -0.428185           -0.494644            0.242554           -0.518486           -0.833676           -0.414759           -1.422156           -0.839839           -0.417452           -0.390520           -1.423896           -1.417395           -0.834359           -0.416593           -1.431114           -2.745889           -1.629208            3.000000
  617         1.0079181246047623E+001         8.1868072487843591E-001         7.8859417981560442E-001         3.7024889204657923E+000         1.2594131414611633E+000         1.8045503533595570E+000         2.2834276604212662E+000        -2.2000000000000002E+000           -2.299242            0.117500            0.043623           -0.705014           -1.169755           -1.632271           -2.254550           -2.747789           -2.815827           -0.990193           -0.516772           -0.584496            0.166745           -0.608336           -0.928100           -0.502961           -1.521752           -0.934275           -0.505943           -0.478501           -1.523514           -1.517169           -0.928745           -0.505048           -1.530787           -2.857948           -1.730400            3.000000
  618         1.0079181246047623E+001         8.1868187863659192E-001         7.8858878462559345E-001         3.7032880053860993E+000         1.2645905577164047E+000         1.7941917706109951E+000         2.2969788326129761E+000        -2.2000000000000002E+000           -2.299241            0.075978            0.003914           -0.741404           -1.204700           -1.665503           -2.285401           -2.776766           -2.844296           -1.025325           -0.553901           -0.621173            0.125935           -0.645092           -0.963323           -0.540056           -1.555272           -0.969499           -0.543034           -0.515717           -1.557025           -1.550610           -0.963982           -0.542142           -1.564276           -2.886330           -1.763326            3.000000
  619         1.0079181246047623E+001         8.1868345593315384E-001         7.8858093429632059E-001         3.7050028433127187E+000         1.2666358888643432E+000         1.7900964405500006E+000         2.3079288466153329E+000        -2.2000000000000002E+000           -2.299241            0.029124           -0.036900           -0.774104           -1.233965           -1.691102           -2.305900           -2.793247           -2.859766           -1.055194           -0.588349           -0.654639            0.082788           -0.678673           -0.993450           -0.574574           -1.581526           -0.999622           -0.577456           -0.550466           -1.583260           -1.576696           -0.994137           -0.576576           -1.590464           -2.901626           -1.788270            3.000000
  620         1.0079181246047623E+001         8.1868428095638746E-001         7.8857579184163296E-001         3.7182708373939604E+000         1.1656837536810789E+000         1.9919971852115683E+000         2.1590965525737702E+000        -2.2000000000000002E+000           -2.299241            0.217413            0.222177           -0.439122           -0.867957           -1.296767           -1.874555           -2.333881           -2.391918           -0.696984           -0.268842           -0.328493            0.321702           -0.351885           -0.638485           -0.258288           -1.193172           -0.644518           -0.259688           -0.236056           -1.194740           -1.187023           -0.639390           -0.258979           -1.201521           -2.432378           -1.387836            3.000000
  621         1.0079181246047623E+001         8.1868537267391506E-001         7.8857218043012822E-001         3.7186755400116187E+000         1.1629655799542247E+000         1.9974311170114269E+000         2.1552790155906951E+000        -2.2000000000000002E+000           -2.299241            0.221768            0.228392           -0.430615           -0.858517           -1.286462           -1.863181           -2.321713           -2.379462           -0.687789           -0.260790           -0.320271            0.327308           -0.343626           -0.629397           -0.250359           -1.183061           -0.635424           -0.251719           -0.228189           -1.184623           -1.176871           -0.630308           -0.251014           -1.191391           -2.419873           -1.377337            3.000000
  622         1.0079181246047623E+001         8.1868712544927780E-001         7.8856678284313841E-001         3.7250729913236968E+000         1.1248063947060007E+000         2.0737459269539298E+000         2.1045504503425612E+000        -2.2000000000000002E+000           -2.299241            0.278717            0.309946           -0.318681           -0.733382           -1.148422           -1.707729           -2.152566           -2.206810           -0.566024           -0.155007           -0.212011            0.400785           -0.235022           -0.509045           -0.146152           -1.048035           -0.515004           -0.146953           -0.124794           -1.049501           -1.041187           -0.510054           -0.146316           -1.056059           -2.246547           -1.236240            3.000000
  623         1.0079181246047623E+001         8.1868857720677646E-001         7.8856262414725986E-001         3.7275082759457998E+000         1.1014278429755733E+000         2.1205001797483520E+000         2.0675344853701185E+000        -2.2000000000000002E+000           -2.299241            0.344149            0.386329           -0.231155           -0.640812           -1.051203           -1.603951           -2.043646           -2.096688           -0.474889           -0.069747           -0.125877            0.474188           -0.148723           -0.418467           -0.061615           -0.951939           -0.424399           -0.062152           -0.040528           -0.953365           -0.944850           -0.419515           -0.061546           -0.959847           -2.136179           -1.137891            3.000000
  624         1.0079181246047623E+001         8.1869062074730237E-001         7.8855968246945929E-001         3.7370536469539024E+000         1.0477443755949831E+000         2.2278651096310806E+000         1.9983490346413495E+000        -2.2000000000000002E+000           -2.299240            0.424058            0.497599           -0.078525           -0.468035           -0.860853           -1.388049           -1.807516           -1.855601           -0.308314            0.074225            0.021732            0.574719           -0.000701           -0.253918            0.080506           -0.765795           -0.259729            0.080677            0.100459           -0.767092           -0.757928           -0.255081            0.081192           -0.773283           -1.894019           -0.943302            3.000000
  625         1.0079181246047623E+001         8.1869244816412090E-001         7.8855651125610116E-001         3.7551136904409406E+000         1.0015063845511007E+000         2.3203390571990758E+000         1.9781132265017378E+000        -2.2000000000000002E+000           -2.299240            0.339878            0.442007           -0.067824           -0.417128           -0.780824           -1.258635           -1.636710           -1.676734           -0.272516            0.069146            0.025114            0.503495            0.002147           -0.221044            0.076088           -0.692677           -0.226753            0.076682            0.093888           -0.693808           -0.683995           -0.222361            0.077137           -0.699503           -1.712821           -0.856371            3.000000
  626         1.0079181246047623E+001         8.1869488958112169E-001         7.8855507085169119E-001         3.7858085613604988E+000         8.9660516061962026E-001         2.5301406366281065E+000         1.8910902623170092E+000        -2.2000000000000002E+000           -2.299239            0.423626            0.529979            0.098169           -0.196678           -0.509461           -0.904983           -1.209410           -1.240299           -0.070865            0.213743            0.182555            0.577511            0.157673           -0.021609            0.224619           -0.432634           -0.027433            0.225050            0.239320           -0.433551           -0.422937           -0.023177            0.225519           -0.438360           -1.271464           -0.573821            3.000000
  627         1.0079181246047623E+001         8.1869799273141064E-001         7.8855460425320356E-001         3.7937255684012161E+000         8.6820146846364921E-001         2.5869476305035373E+000         1.8659509061679320E+000        -2.2000000000000002E+000           -2.299239            0.462073            0.561407            0.150507           -0.131921           -0.429165           -0.804557           -1.090519           -1.119584           -0.008859            0.260379            0.231977            0.606073            0.207184            0.038619            0.272101           -0.355456            0.033083            0.272340            0.285933           -0.356333           -0.345750            0.037149            0.272820           -0.360917           -1.149539           -0.490558            3.000000
  628         1.0079181246047623E+001         8.1870100457195583E-001         7.8855470399784133E-001         3.8288067672691848E+000         7.8387319424194790E-001         2.7556042611185925E+000         1.8376191531964059E+000        -2.2000000000000002E+000           -2.299239            0.438935            0.472504            0.175990           -0.044741           -0.269138           -0.558959           -0.766257           -0.788209            0.066798            0.255210            0.238852            0.504812            0.217377            0.100907            0.270241           -0.211827            0.097559            0.268678            0.279072           -0.212538           -0.203631            0.100360            0.269238           -0.216098           -0.813206           -0.315493            3.000000
  629         1.0079181246047623E+001         8.1870387016816704E-001         7.8855540136793789E-001         3.8616154897578530E+000         6.9461567090201126E-001         2.9341196999361934E+000         1.7903389964712060E+000        -2.2000000000000002E+000           -2.299238            0.511182            0.458885            0.258486            0.107281           -0.057334           -0.270573           -0.406365           -0.424545            0.192068            0.308593            0.303755            0.485392            0.285923            0.217187            0.328808           -0.017477            0.215009            0.324885            0.333112           -0.018051           -0.012085            0.217259            0.325625           -0.020579           -0.444469           -0.088649            3.000000
  630         1.0079181246047623E+001         8.1870689364400806E-001         7.8855625655442685E-001         3.8976060770196064E+000         6.0645084188208620E-001         3.1104498086257024E+000         1.7579716874783693E+000        -2.2000000000000002E+000           -2.299238            0.551414            0.498100            0.347611            0.250701            0.154902            0.015740           -0.061204           -0.074245            0.293906            0.390394            0.388449            0.506296            0.371221            0.315762            0.410990            0.178773            0.313924            0.407301            0.414863            0.178349            0.181772            0.315904            0.408033            0.176795           -0.090353            0.136934            3.000000
  631         1.0079181246047623E+001         8.1871111722243972E-001         7.8855808651417569E-001         3.9247030533911822E+000         5.3972652009674904E-001         3.2438994457684096E+000         1.7329109493939971E+000        -2.2000000000000002E+000           -2.299237            0.593205            0.546703            0.455835            0.399500            0.342795            0.250956            0.205054            0.195701            0.423238            0.485951            0.483257            0.546105            0.471556            0.435208            0.500564            0.355387            0.434481            0.497225            0.502624            0.355051            0.356125            0.435551            0.497833            0.354145            0.180784            0.333442            3.000000
  632         1.0079181246047623E+001         8.1871135179979659E-001         7.8855817834801223E-001         3.9283752648508585E+000         5.2893680118989073E-001         3.2654789345563775E+000         1.7260203574189874E+000        -2.2000000000000002E+000           -2.299237            0.609388            0.562878            0.481114            0.430120            0.377968            0.292133            0.249908            0.241025            0.451853            0.508960            0.506211            0.561704            0.495611            0.462323            0.522517            0.389161            0.461760            0.519200            0.524186            0.388838            0.389617            0.462695            0.519787            0.388014            0.226241            0.369621            3.000000
  633         1.0079181246047623E+001         8.1871158420910950E-001         7.8855827441717508E-001         3.9319680981550738E+000         5.1809033164288487E-001         3.2871719266796777E+000         1.7186987515418362E+000        -2.2000000000000002E+000           -2.299237            0.627129            0.580375            0.507651            0.461785            0.413968            0.333932            0.295214            0.286791            0.481631            0.533135            0.530359            0.578771            0.520914            0.490660            0.545624            0.423835            0.490252            0.542319            0.546877            0.423524            0.424027            0.491058            0.542884            0.422778            0.272133            0.406563            3.000000
  634         1.0079181246047623E+001         8.1871183582361973E-001         7.8855838954953605E-001         3.9354852413336845E+000         5.0719281374884306E-001         3.3089670252998151E+000         1.7109722884681953E+000        -2.2000000000000002E+000           -2.299237            0.646330            0.599129            0.535353            0.494387            0.450711            0.376281            0.340918            0.332945            0.512440            0.558376            0.555605            0.597230            0.547365            0.520104            0.569793            0.459322            0.519841            0.566489            0.570606            0.459024            0.459274            0.520524            0.567033            0.458353            0.318409            0.444185            3.000000
  635         1.0079181246047623E+001         8.1871199298877462E-001         7.8855850736679900E-001         3.9377048308184754E+000         4.9997319360023923E-001         3.3234063214479805E+000         1.7054114061101522E+000        -2.2000000000000002E+000           -2.299237            0.660400            0.612819            0.554713            0.516762            0.475649            0.404724            0.371440            0.363752            0.533710            0.576106            0.573362            0.610806            0.565916            0.540548            0.586840            0.483496            0.540370            0.583533            0.587362            0.483205            0.483307            0.540979            0.584063            0.482581            0.349297            0.469649            3.000000
  636         1.0079181246047623E+001         8.1871210122971616E-001         7.8855859908016801E-001         3.9387651143927211E+000         4.9607499433259944E-001         3.3312027603296270E+000         1.7018561418718536E+000        -2.2000000000000002E+000           -2.299237            0.669482            0.621684            0.566260            0.529716            0.489808            0.420547            0.388246            0.380692            0.546150            0.586860            0.584144            0.619648            0.577081            0.552610            0.597274            0.497304            0.552470            0.593968            0.597658            0.497017            0.497052            0.553046            0.594491            0.496415            0.366287            0.484043            3.000000
  637         1.0079181246047623E+001         8.1871308981343116E-001         7.8855945923063664E-001         3.9396248638274525E+000         4.9360624218258076E-001         3.3361407062994228E+000         1.7003576353107399E+000        -2.2000000000000002E+000           -2.299237            0.673317            0.625356            0.572170            0.536774            0.497849            0.429936            0.398429            0.390988            0.552777            0.592094            0.589387            0.623284            0.582650            0.558923            0.602234            0.505053            0.558816            0.598921            0.602495            0.504769            0.504748            0.559363            0.599439            0.504184            0.376605            0.492290            3.000000
  638         1.0079181246047623E+001         8.1874759225228888E-001         7.8858985509337598E-001         3.9394026838002913E+000         4.9376181093919458E-001         3.3358451145039183E+000         1.6997800527153257E+000        -2.2000000000000002E+000           -2.299233            0.674803            0.626867            0.573061            0.537357            0.498171            0.429908            0.398196            0.390723            0.553482            0.593176            0.590477            0.624822            0.583648            0.559719            0.603395            0.505458            0.559601            0.600089            0.603695            0.505173            0.505169            0.560157            0.600608            0.504584            0.376346            0.492546            3.000000
  639         1.0079181246047623E+001         8.1882482210089380E-001         7.8865689374850034E-001         3.9376440090910263E+000         4.9797587900828499E-001         3.3274514280950855E+000         1.7011734900164444E+000        -2.2000000000000002E+000           -2.299225            0.671281            0.623648            0.565204            0.527109            0.485888            0.414861            0.381516            0.373808            0.544140            0.586710            0.584014            0.621717            0.576509            0.551040            0.597500            0.493793            0.550852            0.594214            0.598061            0.493503            0.493621            0.551467            0.594743            0.492877            0.359405            0.479819            3.000000
  640         1.0079181246047623E+001         8.1899300298682620E-001         7.8880029003754903E-001         3.9385303983221105E+000         4.9738074454466208E-001         3.3287158144177749E+000         1.7035287780135384E+000        -2.2000000000000002E+000           -2.299192            0.665204            0.617467            0.561481            0.524636            0.484469            0.414841            0.382324            0.374742            0.541175            0.582246            0.579515            0.615421            0.572373            0.547712            0.592724            0.492036            0.547565            0.589414            0.593134            0.491748            0.491796            0.548147            0.589939            0.491141            0.360317            0.478662            3.000000
  641         1.0079181246047623E+001         8.1916814215779410E-001         7.8894979424813205E-001         3.9398668413241689E+000         4.9588901386316597E-001         3.3317765182187999E+000         1.7058910886587770E+000        -2.2000000000000002E+000           -2.299169            0.659120            0.611211            0.558899            0.523898            0.485294            0.417768            0.386485            0.379094            0.539715            0.578549            0.575778            0.609027            0.569182            0.545722            0.588558            0.492369            0.545633            0.585217            0.588745            0.492085            0.492032            0.546168            0.585735            0.491506            0.364646            0.479864            3.000000
  642         1.0079181246047623E+001         8.1925368224507089E-001         7.8902184372655348E-001         3.9381867579515570E+000         5.0019416885062873E-001         3.3232035960098045E+000         1.7077810651432570E+000        -2.2000000000000002E+000           -2.299158            0.654311            0.606689            0.549956            0.512697            0.472164            0.402001            0.369168            0.361551            0.529368            0.570935            0.568161            0.604597            0.560919            0.535999            0.581491            0.479820            0.535845            0.578167            0.581925            0.479531            0.479591            0.536436            0.578695            0.478917            0.347073            0.466319            3.000000
  643         1.0079181246047623E+001         8.1928601364243925E-001         7.8904833182186751E-001         3.9364485171356938E+000         5.0421112248333388E-001         3.3151835610120850E+000         1.7088620091452171E+000        -2.2000000000000002E+000           -2.299155            0.651656            0.604298            0.542981            0.503332            0.460773            0.387867            0.353411            0.345561            0.520904            0.565305            0.562544            0.602344            0.554645            0.528205            0.576426            0.469050            0.527979            0.573121            0.577114            0.468755            0.468939            0.528630            0.573659            0.468104            0.331060            0.454478            3.000000
  644         1.0079181246047623E+001         8.1930736991855935E-001         7.8906536555543927E-001         3.9347050308638307E+000         5.0815780982529746E-001         3.3072991884835243E+000         1.7097814387416896E+000        -2.2000000000000002E+000           -2.299152            0.649496            0.602380            0.536484            0.494394            0.449777            0.374105            0.337998            0.329917            0.512881            0.560120            0.557378            0.600593            0.548838            0.520872            0.571800            0.458690            0.520572            0.568512            0.572735            0.458389            0.458704            0.521284            0.569061            0.457702            0.315393            0.443019            3.000000
  645         1.0079181246047623E+001         8.1930989164234758E-001         7.8906734405829926E-001         3.9358852086055371E+000         5.0664034312049355E-001         3.3103351734268398E+000         1.7114672162989077E+000        -2.2000000000000002E+000           -2.299152            0.645032            0.597781            0.535074            0.494674            0.451474            0.377679            0.342695            0.334777            0.512512            0.557789            0.555009            0.595837            0.546920            0.520015            0.569074            0.459936            0.519769            0.565764            0.569827            0.459638            0.459858            0.520438            0.566306            0.458976            0.320240            0.445060            3.000000
  646         1.0079181246047623E+001         8.1931068942671059E-001         7.8906797209623647E-001         3.9376371025345929E+000         5.0336439072289707E-001         3.3168874116164027E+000         1.7119228872199379E+000        -2.2000000000000002E+000           -2.299152            0.643714            0.596232            0.538202            0.500244            0.459105            0.388082            0.354742            0.347061            0.517155            0.559552            0.556740            0.594112            0.549319            0.523962            0.570256            0.466925            0.523792            0.566921            0.570746            0.466633            0.466721            0.524398            0.567453            0.466008            0.332530            0.453167            3.000000
  647         1.0079181246047623E+001         8.1931139807136655E-001         7.8906854264712112E-001         3.9393882302514238E+000         4.9939132626410998E-001         3.3248338410871519E+000         1.7109812691696877E+000        -2.2000000000000002E+000           -2.299152            0.646058            0.598308            0.544924            0.509342            0.470227            0.401958            0.370238            0.362795            0.525351            0.564892            0.562067            0.596067            0.555322            0.531494            0.575016            0.477430            0.531394            0.571660            0.575244            0.477144            0.477110            0.531940            0.572181            0.476555            0.348284            0.464737            3.000000
  648         1.0079181246047623E+001         8.1931263964385592E-001         7.8906957513255982E-001         3.9410310358410525E+000         4.9483452086552154E-001         3.3339479899021329E+000         1.7084388807310287E+000        -2.2000000000000002E+000           -2.299152            0.652590            0.604543            0.555469            0.522052            0.484801            0.419100            0.388881            0.381660            0.537240            0.574122            0.571311            0.602242            0.565205            0.542791            0.583712            0.491452            0.542752            0.580340            0.583697            0.491171            0.491032            0.543245            0.580852            0.490616            0.367186            0.479701            3.000000
  649         1.0079181246047623E+001         8.1935186887488687E-001         7.8910260722440784E-001         3.9397221625524108E+000         4.9759322375012921E-001         3.3284477263565746E+000         1.7087207933456741E+000        -2.2000000000000002E+000           -2.299147            0.651859            0.604020            0.551436            0.516275            0.477526            0.409777            0.378362            0.370959            0.532136            0.571165            0.568363            0.601796            0.561732            0.538173            0.581197            0.484630            0.538083            0.577846            0.581388            0.484345            0.484295            0.538620            0.578365            0.483763            0.356478            0.472093            3.000000
  650         1.0079181246047623E+001         8.1938091444970640E-001         7.8912657606378167E-001         3.9382841014766594E+000         5.0067778741604230E-001         3.3222911209572294E+000         1.7091376763744965E+000        -2.2000000000000002E+000           -2.299144            0.650828            0.603212            0.546793            0.509685            0.469276            0.399269            0.366528            0.358928            0.526290            0.567675            0.564885            0.601088            0.557691            0.532872            0.578187            0.476887            0.532724            0.574855            0.578598            0.476598            0.476647            0.533310            0.575383            0.475986            0.344435            0.463473            3.000000
  651         1.0079181246047623E+001         8.1940033459737061E-001         7.8914219757144632E-001         3.9375780080050271E+000         5.0150338559579222E-001         3.3206481553838385E+000         1.7079644988474625E+000        -2.2000000000000002E+000           -2.299142            0.653876            0.606346            0.547994            0.509899            0.468657            0.397536            0.364136            0.356436            0.526888            0.569453            0.566685            0.604303            0.559209            0.533754            0.580209            0.476532            0.533575            0.576894            0.580736            0.476240            0.476344            0.534187            0.577425            0.475614            0.341954            0.462653            3.000000
  652         1.0079181246047623E+001         8.1941062306687629E-001         7.8915029530233138E-001         3.9390549251034290E+000         4.9621222818704924E-001         3.3312347593580025E+000         1.7032898524235875E+000        -2.2000000000000002E+000           -2.299141            0.665815            0.617989            0.563388            0.527254            0.487691            0.418887            0.386856            0.379345            0.543523            0.583737            0.581006            0.615911            0.574065            0.549863            0.594044            0.495075            0.549736            0.590728            0.594376            0.494789            0.494800            0.550301            0.591250            0.494193            0.364927            0.482016            3.000000
  653         1.0079181246047623E+001         8.1941260175098751E-001         7.8915181985673466E-001         3.9419857041281627E+000         4.8788574484876746E-001         3.3478885328431343E+000         1.6983600018459564E+000        -2.2000000000000002E+000           -2.299140            0.678529            0.630128            0.583190            0.550911            0.514675            0.450447            0.421096            0.413977            0.565717            0.601173            0.598480            0.627960            0.592680            0.571011            0.610537            0.521077            0.570992            0.607194            0.610437            0.520801            0.520627            0.571463            0.607697            0.520264            0.399631            0.509688            3.000000
  654         1.0079181246047623E+001         8.1943450745400725E-001         7.8916786069210421E-001         3.9424770040589001E+000         4.8622886373867569E-001         3.3512110465788059E+000         1.6970114393487239E+000        -2.2000000000000002E+000           -2.299137            0.682025            0.633511            0.587840            0.556189            0.520501            0.457036            0.428130            0.421075            0.570756            0.605420            0.602742            0.631345            0.597133            0.575886            0.614630            0.526746            0.575882            0.611283            0.614459            0.526472            0.526270            0.576338            0.611784            0.525945            0.406747            0.515620            3.000000
  655         1.0079181246047623E+001         8.1946617789964527E-001         7.8919228232430949E-001         3.9416390109920272E+000         4.8875353419265266E-001         3.3461741331307557E+000         1.6987088079891843E+000        -2.2000000000000002E+000           -2.299132            0.677618            0.629282            0.581423            0.548693            0.512064            0.447297            0.417632            0.410465            0.563674            0.599697            0.597002            0.627125            0.591061            0.569091            0.609177            0.518582            0.569059            0.605838            0.609130            0.518305            0.518153            0.569541            0.606343            0.517762            0.396113            0.506995            3.000000
  656         1.0079181246047623E+001         8.1949782433982432E-001         7.8921717224941013E-001         3.9404313054012641E+000         4.9159057591936534E-001         3.3405125708879160E+000         1.6995520690795582E+000        -2.2000000000000002E+000           -2.299127            0.675414            0.627298            0.576227            0.541902            0.503898            0.437246            0.406480            0.399147            0.557499            0.595503            0.592804            0.625194            0.586380            0.563354            0.605383            0.510827            0.563276            0.602062            0.605525            0.510547            0.510473            0.563797            0.602574            0.509978            0.384781            0.498532            3.000000
  657         1.0079181246047623E+001         8.1956113845431422E-001         7.8926878169454073E-001         3.9367771690610036E+000         5.0095157419823977E-001         3.3218169079627931E+000         1.7036575202762685E+000        -2.2000000000000002E+000           -2.299119            0.664984            0.617513            0.556852            0.517585            0.475365            0.402972            0.368817            0.360997            0.535046            0.579004            0.576295            0.615622            0.568478            0.542266            0.590061            0.483566            0.542045            0.586777            0.590736            0.483273            0.483449            0.542689            0.587312            0.482629            0.346563            0.469091            3.000000
  658         1.0079181246047623E+001         8.1960371670406440E-001         7.8930275930930471E-001         3.9325283070349775E+000         5.1144699162163321E-001         3.3008432854422916E+000         1.7076529070189479E+000        -2.2000000000000002E+000           -2.299114            0.655306            0.608438            0.536737            0.491492            0.444235            0.365081            0.326876            0.318501            0.511181            0.562014            0.559334            0.606960            0.549997            0.520081            0.574402            0.453988            0.519679            0.571148            0.575655            0.453680            0.454175            0.520473            0.571707            0.452946            0.303985            0.436841            3.000000
  659         1.0079181246047623E+001         8.1963711122364691E-001         7.8932877865059181E-001         3.9286961844291994E+000         5.2069081693407759E-001         3.2823687240813895E+000         1.7108120672207243E+000        -2.2000000000000002E+000           -2.299110            0.648151            0.601662            0.520144            0.469336            0.417399            0.332063            0.290097            0.281228            0.491105            0.548053            0.545427            0.600707            0.534815            0.501578            0.561596            0.428609            0.501002            0.558356            0.563328            0.428290            0.429094            0.501938            0.558936            0.427471            0.266633            0.408945            3.000000
  660         1.0079181246047623E+001         8.1966230139282947E-001         7.8934771336891751E-001         3.9267824216521219E+000         5.2556645860930506E-001         3.2726268244797705E+000         1.7129082994628699E+000        -2.2000000000000002E+000           -2.299107            0.643412            0.597043            0.510706            0.457084            0.402765            0.314311            0.270428            0.261316            0.479913            0.539855            0.537260            0.596391            0.526049            0.491178            0.553953            0.414715            0.490515            0.550713            0.555905            0.414390            0.415352            0.491522            0.551304            0.413528            0.246669            0.393773            3.000000
  661         1.0079181246047623E+001         8.1967888206530792E-001         7.8935967495873194E-001         3.9271694830537647E+000         5.2582770659532962E-001         3.2721099933099480E+000         1.7149790410414882E+000        -2.2000000000000002E+000           -2.299104            0.637996            0.591593            0.506318            0.453316            0.399512            0.311694            0.268212            0.259153            0.475893            0.535174            0.532553            0.590833            0.521480            0.486975            0.549150            0.411289            0.486334            0.545897            0.551041            0.410964            0.411885            0.487325            0.546487            0.410111            0.244488            0.390661            3.000000
  662         1.0079181246047623E+001         8.1969512373232223E-001         7.8937110883644823E-001         3.9277115016307236E+000         5.2518206625532471E-001         3.2734066352204345E+000         1.7158558346693140E+000        -2.2000000000000002E+000           -2.299102            0.635578            0.589140            0.505282            0.453104            0.399994            0.313063            0.270130            0.261143            0.475361            0.533763            0.531120            0.588267            0.520226            0.486205            0.547573            0.411547            0.485592            0.544313            0.549394            0.411224            0.412095            0.486561            0.544901            0.410384            0.246475            0.391315            3.000000
  663         1.0079181246047623E+001         8.1971012135258992E-001         7.8938164935770117E-001         3.9283185938269112E+000         5.2378641645439727E-001         3.2762027866235570E+000         1.7154929038522138E+000        -2.2000000000000002E+000           -2.299100            0.636311            0.589837            0.507522            0.456240            0.403887            0.317943            0.275618            0.266709            0.478158            0.535603            0.532947            0.588865            0.522247            0.488749            0.549234            0.415203            0.488163            0.545973            0.550982            0.414881            0.415702            0.489110            0.546557            0.414055            0.252053            0.395382            3.000000
  664         1.0079181246047623E+001         8.1974754562690078E-001         7.8941044616709943E-001         3.9266880690261763E+000         5.2746052232789720E-001         3.2688688816455382E+000         1.7163190163962694E+000        -2.2000000000000002E+000           -2.299096            0.634745            0.588359            0.501905            0.448207            0.393812            0.305208            0.261245            0.252125            0.471043            0.531054            0.528435            0.587665            0.517220            0.482318            0.545165            0.405768            0.481656            0.541907            0.547105            0.405441            0.406400            0.482664            0.542500            0.404578            0.237437            0.384834            3.000000
  665         1.0079181246047623E+001         8.1978633563233294E-001         7.8943937010080178E-001         3.9233344675404593E+000         5.3542603118815890E-001         3.2529522729272387E+000         1.7188356281739270E+000        -2.2000000000000002E+000           -2.299091            0.629678            0.583357            0.488534            0.429829            0.371159            0.277034            0.229641            0.220092            0.454595            0.519774            0.517229            0.583299            0.505017            0.467275            0.534833            0.384446            0.466456            0.531572            0.537140            0.384109            0.385356            0.467590            0.532183            0.383170            0.205320            0.361201            3.000000
  666         1.0079181246047623E+001         8.1983278886685507E-001         7.8946751497975365E-001         3.9181397742313697E+000         5.4948745723302495E-001         3.2248441868272222E+000         1.7261797070273004E+000        -2.2000000000000002E+000           -2.299085            0.613728            0.567089            0.459769            0.393290            0.327814            0.224998            0.172135            0.161919            0.421163            0.493943            0.491509            0.568168            0.477922            0.435971            0.510373            0.343179            0.434914            0.507070            0.513160            0.342825            0.344518            0.436240            0.507708            0.341765            0.146954            0.316327            3.000000
  667         1.0079181246047623E+001         8.1993094508790842E-001         7.8950894834317342E-001         3.9145813996393404E+000         5.6109830306147768E-001         3.2016477900786038E+000         1.7351679003160849E+000        -2.2000000000000002E+000           -2.299068            0.593268            0.545967            0.430505            0.358773            0.288524            0.179654            0.122949            0.112268            0.388850            0.466454            0.464085            0.547911            0.449685            0.405043            0.483752            0.305299            0.403834            0.480385            0.486796            0.304933            0.306921            0.405287            0.481042            0.303790            0.097110            0.276009            3.000000
  668         1.0079181246047623E+001         8.2006184755420897E-001         7.8954969608393832E-001         3.9143941940331812E+000         5.6322104424780539E-001         3.1974314204455911E+000         1.7386645602641080E+000        -2.2000000000000002E+000           -2.299045            0.584554            0.537096            0.421316            0.349385            0.278931            0.169745            0.112862            0.102157            0.379529            0.457301            0.454920            0.539041            0.440499            0.395768            0.474639            0.295750            0.394557            0.471252            0.477676            0.295383            0.297373            0.396015            0.471911            0.294236            0.086954            0.266401            3.000000
  669         1.0079181246047623E+001         8.2012761794229783E-001         7.8957087053063235E-001         3.9151646377064671E+000         5.6194224334729881E-001         3.2000035420177397E+000         1.7391887331562370E+000        -2.2000000000000002E+000           -2.299033            0.582684            0.535320            0.421363            0.350629            0.281263            0.173401            0.117380            0.106777            0.380243            0.456932            0.454521            0.537025            0.440286            0.396166            0.474082            0.297750            0.394992            0.470697            0.477052            0.297385            0.299302            0.396420            0.471353            0.296257            0.091590            0.268991            3.000000
  670         1.0079181246047623E+001         8.2018572230005515E-001         7.8959113355415589E-001         3.9156517053959119E+000         5.6230431124945846E-001         3.1992925328722097E+000         1.7418611397183343E+000        -2.2000000000000002E+000           -2.299023            0.575581            0.528193            0.415476            0.345556            0.276913            0.169889            0.114429            0.103892            0.374800            0.450737            0.448294            0.529711            0.434193            0.390501            0.467762            0.293165            0.389355            0.464364            0.470673            0.292801            0.294664            0.390763            0.465019            0.291686            0.088688            0.264833            3.000000
  671         1.0079181246047623E+001         8.2028625013928125E-001         7.8963207923222034E-001         3.9150824245360711E+000         5.6510741044954615E-001         3.1937115722305691E+000         1.7451902146791483E+000        -2.2000000000000002E+000           -2.299007            0.567550            0.519960            0.406016            0.335305            0.265925            0.157932            0.101871            0.091258            0.364874            0.441522            0.439081            0.521593            0.424865            0.380780            0.458682            0.282384            0.379612            0.455263            0.461620            0.282018            0.283920            0.381040            0.455922            0.280889            0.076003            0.253705            3.000000
  672         1.0079181246047623E+001         8.2039300296028550E-001         7.8968112197523599E-001         3.9108017637797885E+000         5.7772819014926247E-001         3.1684988313697078E+000         1.7533091310534497E+000        -2.2000000000000002E+000           -2.298990            0.550320            0.501544            0.378033            0.300967            0.225639            0.110252            0.049434            0.038245            0.333380            0.415575            0.413244            0.504418            0.398126            0.350913            0.433731            0.243837            0.349565            0.430237            0.436953            0.243456            0.245719            0.351142            0.430918            0.242227            0.022772            0.212119            3.000000
  673         1.0079181246047623E+001         8.2045964124487947E-001         7.8971014222963243E-001         3.9067543877695670E+000         5.8654852827598714E-001         3.1508756195875192E+000         1.7547603032660126E+000        -2.2000000000000002E+000           -2.298979            0.550206            0.500289            0.367939            0.284724            0.203421            0.080900            0.015354            0.003610            0.320152            0.407327            0.405130            0.504606            0.389233            0.339174            0.426343            0.223348            0.337656            0.422802            0.429823            0.222955            0.225583            0.339371            0.423499            0.221627           -0.012025            0.188562            3.000000
  674         1.0079181246047623E+001         8.2050886617051599E-001         7.8973123646705612E-001         3.9018812423358380E+000         5.9744744055692611E-001         3.1290904637982271E+000         1.7570655460929747E+000        -2.2000000000000002E+000           -2.298971            0.549159            0.497536            0.355190            0.264643            0.175808            0.044516           -0.026968           -0.039395            0.304025            0.396525            0.394471            0.503805            0.377792            0.324660            0.416447            0.197828            0.322959            0.412832            0.420167            0.197419            0.200475            0.324824            0.413548            0.195971           -0.055266            0.159309            3.000000
  675         1.0079181246047623E+001         8.2053906824679679E-001         7.8974318552326639E-001         3.8982609391981482E+000         6.0802134851760092E-001         3.1079493795071351E+000         1.7637321494635647E+000        -2.2000000000000002E+000           -2.298967            0.536296            0.482790            0.333721            0.237945            0.143354            0.005419           -0.070598           -0.083554            0.280439            0.376221            0.374243            0.490607            0.357122            0.302079            0.396728            0.166879            0.300270            0.393020            0.400548            0.166456            0.169799            0.302231            0.393751            0.164920           -0.099677            0.125683            3.000000
  676         1.0079181246047623E+001         8.2057365567260587E-001         7.8975429070755354E-001         3.8966834842914162E+000         6.1473317043777165E-001         3.0945318952139940E+000         1.7708459736769784E+000        -2.2000000000000002E+000           -2.298961            0.520266            0.465478            0.313811            0.215911            0.118832           -0.022025           -0.100009           -0.113207            0.259759            0.356699            0.354738            0.473962            0.337478            0.281756            0.377442            0.142964            0.279914            0.373666            0.381267            0.142535            0.145980            0.281910            0.374406            0.140962           -0.129489            0.100701            3.000000
  677         1.0079181246047623E+001         8.2059873473128953E-001         7.8976222026355170E-001         3.8962926601073282E+000         6.1691973245686094E-001         3.0901628516244037E+000         1.7736558009788097E+000        -2.2000000000000002E+000           -2.298957            0.513690            0.458474            0.306225            0.207835            0.110156           -0.031426           -0.109887           -0.123147            0.252005            0.349189            0.347229            0.467116            0.329944            0.274078            0.369990            0.134426            0.272230            0.366191            0.373809            0.133995            0.137460            0.274234            0.366933            0.132413           -0.139481            0.091924            3.000000
  678         1.0079181246047623E+001         8.2062496942717456E-001         7.8976986208862932E-001         3.8949308909621942E+000         6.1815751226618432E-001         3.0876921209424104E+000         1.7706842840169195E+000        -2.2000000000000002E+000           -2.298953            0.522666            0.467129            0.312362            0.211871            0.111791           -0.032359           -0.112682           -0.126137            0.257438            0.355755            0.353834            0.476494            0.336394            0.279860            0.376729            0.136691            0.277970            0.372924            0.380601            0.136255            0.139848            0.280007            0.373669            0.134638           -0.142521            0.093038            3.000000
  679         1.0079181246047623E+001         8.2066827767516815E-001         7.8979227412506536E-001         3.8896709960353579E+000         6.3188676835246671E-001         3.0602454116125899E+000         1.7771032164821405E+000        -2.2000000000000002E+000           -2.298947            0.512910            0.454248            0.291273            0.183344            0.074028           -0.080169           -0.167681           -0.181940            0.234351            0.335769            0.333921            0.466384            0.316117            0.257736            0.357320            0.101148            0.255749            0.353378            0.361232            0.100692            0.104678            0.257880            0.354139            0.098943           -0.198733            0.053485            3.000000
  680         1.0079181246047623E+001         8.2070614625129423E-001         7.8981113540417358E-001         3.8855945086578405E+000         6.4284265104317440E-001         3.0383434358874859E+000         1.7827090323534822E+000        -2.2000000000000002E+000           -2.298942            0.504029            0.442637            0.274260            0.160727            0.043840           -0.118340           -0.211711           -0.226612            0.216410            0.319242            0.317416            0.457148            0.299477            0.240238            0.341105            0.072664            0.238214            0.337043            0.344985            0.072191            0.076457            0.240392            0.337817            0.070340           -0.243768            0.021902            3.000000
  681         1.0079181246047623E+001         8.2074750518949169E-001         7.8982645606645385E-001         3.8819358284272907E+000         6.5127820611659681E-001         3.0214811538381334E+000         1.7849454215781293E+000        -2.2000000000000002E+000           -2.298935            0.503066            0.439500            0.266886            0.148348            0.024248           -0.145258           -0.244179           -0.259660            0.208673            0.312035            0.310205            0.456348            0.292240            0.232669            0.334061            0.054626            0.230637            0.329904            0.337885            0.054138            0.058649            0.232836            0.330685            0.052193           -0.277147            0.001012            3.000000
  682         1.0079181246047623E+001         8.2077262957040353E-001         7.8983422189989194E-001         3.8789502172979633E+000         6.5889503428599339E-001         3.0062517195241929E+000         1.7882366333996120E+000        -2.2000000000000002E+000           -2.298932            0.498650            0.433128            0.257698            0.135196            0.004992           -0.170603           -0.274212           -0.290179            0.199568            0.302739            0.300875            0.451991            0.282973            0.223503            0.324821            0.036612            0.221491            0.320575            0.328561            0.036111            0.040802            0.223689            0.321362            0.034090           -0.307974           -0.019291            3.000000
  683         1.0079181246047623E+001         8.2079564979308095E-001         7.8983800536320847E-001         3.8779873284532469E+000         6.6443355878597199E-001         2.9951767938348288E+000         1.7954621270207074E+000        -2.2000000000000002E+000           -2.298928            0.481823            0.415000            0.239193            0.115579           -0.016469           -0.194045           -0.299129           -0.315263            0.181126            0.284133            0.282191            0.434424            0.264379            0.204971            0.306183            0.015489            0.202978            0.301878            0.309857            0.014983            0.019700            0.205169            0.302668            0.012938           -0.333219           -0.041019            3.000000
  684         1.0079181246047623E+001         8.2081424146117343E-001         7.8984132257448936E-001         3.8765255312093005E+000         6.7099081864990284E-001         2.9820638303608491E+000         1.8027294577727793E+000        -2.2000000000000002E+000           -2.298925            0.465224            0.397293            0.220754            0.095259           -0.039664           -0.220289           -0.327759           -0.344126            0.162602            0.265648            0.263525            0.417506            0.245859            0.186345            0.287564           -0.007130            0.184374            0.283203            0.291166           -0.007645           -0.002869            0.186552            0.283995           -0.009728           -0.362301           -0.064676            3.000000
  685         1.0079181246047623E+001         8.2083097911758696E-001         7.8984426615430725E-001         3.8762825958333718E+000         6.7290511696360189E-001         2.9782365450381096E+000         1.8055863128964635E+000        -2.2000000000000002E+000           -2.298922            0.458339            0.390030            0.213518            0.087748           -0.047609           -0.228741           -0.336594           -0.353002            0.155354            0.258389            0.256218            0.410344            0.238595            0.179067            0.280270           -0.014996            0.177102            0.275891            0.283849           -0.015512           -0.010735            0.179276            0.276683           -0.017601           -0.371229           -0.072679            3.000000
  686         1.0079181246047623E+001         8.2086449823535579E-001         7.8986177106981048E-001         3.8750228137663085E+000         6.7479943197445769E-001         2.9744570690242766E+000         1.8043358146499200E+000        -2.2000000000000002E+000           -2.298918            0.462813            0.394782            0.216804            0.089102           -0.048863           -0.232656           -0.342711           -0.359295            0.158369            0.261824            0.259536            0.415820            0.241936            0.182108            0.283626           -0.015665            0.180140            0.279251            0.287213           -0.016186           -0.011317            0.182315            0.280041           -0.018310           -0.377647           -0.074434            3.000000
  687         1.0079181246047623E+001         8.2091439628967655E-001         7.8989153594300765E-001         3.8700809777238532E+000         6.8816061173322307E-001         2.9477500827911927E+000         1.8112908299976291E+000        -2.2000000000000002E+000           -2.298912            0.450522            0.384012            0.200431            0.064915           -0.082760           -0.277161           -0.396077           -0.413332            0.140171            0.246453            0.243380            0.407329            0.225934            0.164095            0.267734           -0.047318            0.162113            0.263377            0.271372           -0.047860           -0.042669            0.164285            0.264158           -0.050126           -0.432316           -0.110224            3.000000
  688         1.0079181246047623E+001         8.2094599360632692E-001         7.8990680885261733E-001         3.8649554077981820E+000         7.0238256613455718E-001         2.9193141302749339E+000         1.8192324590976150E+000        -2.2000000000000002E+000           -2.298908            0.435935            0.373975            0.182846            0.038359           -0.119017           -0.324688           -0.453343           -0.471230            0.119377            0.230816            0.226612            0.399089            0.209182            0.143804            0.251398           -0.081139            0.141764            0.247161            0.255252           -0.081704           -0.076147            0.143953            0.247925           -0.084121           -0.490925           -0.148549            3.000000
  689         1.0079181246047623E+001         8.2097741618559350E-001         7.8991813228516605E-001         3.8611403761526857E+000         7.1276557066802049E-001         2.8985540851126403E+000         1.8247383415825542E+000        -2.2000000000000002E+000           -2.298903            0.426160            0.369555            0.171497            0.019827           -0.144606           -0.358817           -0.495046           -0.513369            0.104878            0.221473            0.216264            0.395716            0.198734            0.129867            0.241469           -0.104844            0.127759            0.237385            0.245590           -0.105425           -0.099571            0.129973            0.238133           -0.107958           -0.533614           -0.175750            3.000000
  690         1.0079181246047623E+001         8.2100273871616425E-001         7.8992463038991767E-001         3.8586007358804535E+000         7.1852279810890440E-001         2.8870435711202243E+000         1.8260942353753939E+000        -2.2000000000000002E+000           -2.298900            0.425456            0.373608            0.170103            0.013426           -0.155719           -0.375685           -0.517126           -0.535722            0.101058            0.221678            0.215750            0.400339            0.198084            0.126512            0.241274           -0.114652            0.124343            0.237330            0.245634           -0.115243           -0.109172            0.126581            0.238064           -0.117855           -0.556324           -0.187990            3.000000
  691         1.0079181246047623E+001         8.2101232087097054E-001         7.8992551605875838E-001         3.8569537874542852E+000         7.2534307581778834E-001         2.8734033823761091E+000         1.8331469970884888E+000        -2.2000000000000002E+000           -2.298898            0.409743            0.360287            0.153625           -0.006310           -0.178287           -0.401986           -0.546756           -0.565542            0.082927            0.206261            0.199803            0.387309            0.182079            0.108678            0.225572           -0.136422            0.106481            0.221695            0.230065           -0.137020           -0.130832            0.108729            0.222422           -0.139682           -0.586424           -0.211231            3.000000
  692         1.0079181246047623E+001         8.2102282085213885E-001         7.8992693917066847E-001         3.8555024195247585E+000         7.3164714902553829E-001         2.8607954725872382E+000         1.8399496717858814E+000        -2.2000000000000002E+000           -2.298897            0.394497            0.347248            0.137675           -0.025181           -0.199621           -0.426618           -0.574341           -0.593295            0.065449            0.191299            0.184361            0.374506            0.166573            0.091481            0.210361           -0.157050            0.089258            0.206546            0.214981           -0.157656           -0.151363            0.091515            0.207267           -0.160361           -0.614426           -0.233160            3.000000
  693         1.0079181246047623E+001         8.2103935231084746E-001         7.8993382718183025E-001         3.8553341221880029E+000         7.3278901361373960E-001         2.8585149335696780E+000         1.8415602116152616E+000        -2.2000000000000002E+000           -2.298895            0.390697            0.343588            0.133741           -0.029450           -0.204148           -0.431525           -0.579577           -0.598553            0.061339            0.187474            0.180475            0.370861            0.162685            0.087401            0.206506           -0.161503            0.085176            0.202694            0.211135           -0.162109           -0.155807            0.087434            0.203414           -0.164819           -0.619719           -0.237747            3.000000
  694         1.0079181246047623E+001         8.2106260185706459E-001         7.8994727563728273E-001         3.8525593385626955E+000         7.3922324292236741E-001         2.8456534839866148E+000         1.8433295357312889E+000        -2.2000000000000002E+000           -2.298892            0.389514            0.348923            0.131985           -0.037004           -0.216764           -0.450529           -0.604533           -0.623755            0.056397            0.187884            0.180001            0.376770            0.161958            0.083103            0.206471           -0.172646            0.080795            0.202853            0.211442           -0.173263           -0.166708            0.083089            0.203556           -0.176060           -0.645323           -0.251641            3.000000
  695         1.0079181246047623E+001         8.2108239153125129E-001         7.8995800159664409E-001         3.8503125499111688E+000         7.4610828503863136E-001         2.8318889167926118E+000         1.8481124653577088E+000        -2.2000000000000002E+000           -2.298890            0.380379            0.344977            0.122188           -0.051557           -0.235293           -0.474244           -0.633081           -0.652534            0.043888            0.179931            0.171289            0.373278            0.153032            0.071141            0.198156           -0.189999            0.068769            0.194688            0.203409           -0.190625           -0.183874            0.071091            0.195380           -0.193493           -0.674431           -0.271183            3.000000
  696         1.0079181246047623E+001         8.2110010373047460E-001         7.8996713643829009E-001         3.8477724671528808E+000         7.5436445190812651E-001         2.8153811931388359E+000         1.8544644680635489E+000        -2.2000000000000002E+000           -2.298887            0.367840            0.338695            0.108841           -0.070353           -0.258550           -0.503410           -0.667717           -0.687452            0.027336            0.168784            0.159261            0.367409            0.140730            0.055247            0.186611           -0.211922            0.052798            0.183320            0.192203           -0.212559           -0.205585            0.055155            0.183998           -0.215506           -0.709745           -0.295635            3.000000
  697         1.0079181246047623E+001         8.2110803094820861E-001         7.8996926608586482E-001         3.8484567515339934E+000         7.5624227637084007E-001         2.8116262528399059E+000         1.8609572545134263E+000        -2.2000000000000002E+000           -2.298887            0.350925            0.318824            0.091544           -0.086141           -0.272857           -0.516082           -0.678759           -0.698442            0.010977            0.150809            0.141493            0.347350            0.123084            0.038673            0.168744           -0.226662            0.036267            0.165361            0.174197           -0.227297           -0.220414            0.038605            0.166046           -0.230221           -0.720677           -0.309547            3.000000
  698         1.0079181246047623E+001         8.2111366076236281E-001         7.8997031626004377E-001         3.8495334469333624E+000         7.5709130017719573E-001         2.8099284319259596E+000         1.8669620837236116E+000        -2.2000000000000002E+000           -2.298886            0.334726            0.298648            0.075074           -0.100255           -0.284784           -0.525462           -0.685674           -0.705258           -0.004072            0.133322            0.124341            0.326913            0.106103            0.023309            0.151421           -0.239234            0.020956            0.147917            0.156680           -0.239866           -0.233110            0.023269            0.148611           -0.242753           -0.727377           -0.320884            3.000000
  699         1.0079181246047623E+001         8.2112177514968698E-001         7.8997388958709513E-001         3.8497868054808100E+000         7.5875663691413142E-001         2.8065994271697035E+000         1.8713061913872728E+000        -2.2000000000000002E+000           -2.298885            0.323667            0.286224            0.063744           -0.111017           -0.294931           -0.535001           -0.694576           -0.714149           -0.015049            0.121729            0.112813            0.314395            0.094633            0.012245            0.139866           -0.249560            0.009913            0.136318            0.145063           -0.250191           -0.243476            0.012216            0.137014           -0.253068           -0.736259           -0.330870            3.000000
  700         1.0079181246047623E+001         8.2113200723513313E-001         7.8997948360949288E-001         3.8474319432542456E+000         7.6710006807240450E-001         2.7899153823014102E+000         1.8785736047975621E+000        -2.2000000000000002E+000           -2.298884            0.308716            0.277003            0.047861           -0.132050           -0.320062           -0.565560           -0.730112           -0.749987           -0.033912            0.107907            0.098182            0.305544            0.079729           -0.006000            0.125700           -0.273391           -0.008400            0.122311            0.131213           -0.274032           -0.267110           -0.006065            0.122995           -0.276982           -0.772466           -0.357076            3.000000
  701         1.0079181246047623E+001         8.2114048417254804E-001         7.8998392342152224E-001         3.8449983704657100E+000         7.7590713453365123E-001         2.7723035136220497E+000         1.8864534465659144E+000        -2.2000000000000002E+000           -2.298882            0.292529            0.267055            0.030611           -0.154706           -0.346944           -0.598055           -0.767781           -0.787944           -0.054358            0.092892            0.082320            0.295975            0.063549           -0.025770            0.110349           -0.298960           -0.028245            0.107130            0.116209           -0.299611           -0.292422           -0.025873            0.107803           -0.302636           -0.810835           -0.385067            3.000000
  702         1.0079181246047623E+001         8.2115126552428541E-001         7.8999011254680385E-001         3.8425307706407472E+000         7.8553507548840085E-001         2.7530509217461008E+000         1.8958389291755622E+000        -2.2000000000000002E+000           -2.298881            0.272875            0.253861            0.009660           -0.181184           -0.377692           -0.634499           -0.809473           -0.829922           -0.078648            0.074293            0.062854            0.283166            0.043729           -0.049341            0.091438           -0.328397           -0.051894            0.088391            0.097643           -0.329059           -0.321642           -0.049483            0.089054           -0.332159           -0.853207           -0.416937            3.000000
  703         1.0079181246047623E+001         8.2116131032133322E-001         7.8999584595798056E-001         3.8385138093497688E+000         7.9873557959215802E-001         2.7266530500402641E+000         1.9061720922191625E+000        -2.2000000000000002E+000           -2.298880            0.253542            0.246291           -0.011681           -0.211542           -0.415220           -0.681318           -0.865089           -0.886003           -0.105657            0.056989            0.044147            0.276305            0.024357           -0.075088            0.073650           -0.363776           -0.077793            0.070869            0.080457           -0.364454           -0.356645           -0.075303            0.071514           -0.367679           -0.909896           -0.456254            3.000000
  704         1.0079181246047623E+001         8.2117204043828473E-001         7.9000189760360706E-001         3.8340595938882296E+000         8.1279821399211283E-001         2.6985311985538551E+000         1.9164804991729150E+000        -2.2000000000000002E+000           -2.298879            0.235664            0.242053           -0.032225           -0.241952           -0.453719           -0.730275           -0.923925           -0.945385           -0.132711            0.041101            0.026656            0.272952            0.006106           -0.100642            0.057246           -0.399979           -0.103538            0.054812            0.064807           -0.400674           -0.392468           -0.100946            0.055440           -0.404038           -0.969934           -0.496860            3.000000
  705         1.0079181246047623E+001         8.2118177428400929E-001         7.9000705638285318E-001         3.8295940060134299E+000         8.2689372787350668E-001         2.6703431668300839E+000         1.9268091754365044E+000        -2.2000000000000002E+000           -2.298878            0.218614            0.238688           -0.052674           -0.272027           -0.492200           -0.779287           -0.982880           -1.004932           -0.159838            0.025410            0.009359            0.270608           -0.011983           -0.126165            0.041111           -0.436057           -0.129278            0.039023            0.049459           -0.436769           -0.428200           -0.126566            0.039634           -0.440270           -1.030124           -0.537456            3.000000
  706         1.0079181246047623E+001         8.2118857866067874E-001         7.9001022443888935E-001         3.8252724633353052E+000         8.4063121685224296E-001         2.6428700937298890E+000         1.9369979826814800E+000        -2.2000000000000002E+000           -2.298877            0.202541            0.235373           -0.072896           -0.301279           -0.529835           -0.827147           -1.040358           -1.063038           -0.186594            0.009755           -0.007789            0.268436           -0.029910           -0.151280            0.025133           -0.471390           -0.154627            0.023368            0.034246           -0.472120           -0.463171           -0.151782            0.023968           -0.475751           -1.088837           -0.577120            3.000000
  707         1.0079181246047623E+001         8.2119174747821022E-001         7.9001125897626800E-001         3.8213778357895478E+000         8.5356041270060490E-001         2.6170123591715226E+000         1.9472778641951716E+000        -2.2000000000000002E+000           -2.298876            0.186198            0.229602           -0.093915           -0.330103           -0.566440           -0.872987           -1.094818           -1.118122           -0.213505           -0.007242           -0.026082            0.263846           -0.048893           -0.176634            0.007929           -0.505967           -0.180217            0.006422            0.017717           -0.506712           -0.497443           -0.177236            0.007013           -0.510459           -1.144457           -0.615521            4.000000
  708         1.0079181246047623E+001         8.2119227533350536E-001         7.9001106731022452E-001         3.8190200894941335E+000         8.6190077219886674E-001         2.6003315399991624E+000         1.9545275980100376E+000        -2.2000000000000002E+000           -2.298876            0.174202            0.223355           -0.109275           -0.349996           -0.591152           -0.903294           -1.130298           -1.154010           -0.232411           -0.020235           -0.039835            0.258390           -0.063052           -0.194561           -0.005154           -0.529481           -0.198299           -0.006524            0.005064           -0.530236           -0.520787           -0.195227           -0.005937           -0.534051           -1.180665           -0.641298            4.000000
  709         1.0079181246047623E+001         8.2119274350697713E-001         7.9001087133818881E-001         3.8166807741225974E+000         8.7030829087520156E-001         2.5835163988567427E+000         1.9619853738765642E+000        -2.2000000000000002E+000           -2.298876            0.161974            0.216299           -0.125208           -0.370259           -0.616302           -0.934003           -1.166114           -1.190255           -0.251844           -0.033886           -0.054226            0.252179           -0.077826           -0.212991           -0.018878           -0.553465           -0.216894           -0.020108           -0.008246           -0.554230           -0.544615           -0.213725           -0.019524           -0.558113           -1.217223           -0.667488            4.000000
  710         1.0079181246047623E+001         8.2119317690476312E-001         7.9001066468360048E-001         3.8143393143199331E+000         8.7898394606412023E-001         2.5661649780232132E+000         1.9699708450437432E+000        -2.2000000000000002E+000           -2.298876            0.148795            0.207641           -0.142510           -0.391707           -0.642749           -0.966022           -1.203205           -1.227803           -0.272620           -0.048988           -0.070050            0.244427           -0.094008           -0.232732           -0.034033           -0.578773           -0.236814           -0.035121           -0.023005           -0.579548           -0.569780           -0.233539           -0.034537           -0.583497           -1.255078           -0.694956            4.000000
  711         1.0079181246047623E+001         8.2119357403446791E-001         7.9001044122015385E-001         3.8120038921768851E+000         8.8784037909743008E-001         2.5484519913082426E+000         1.9783420225381723E+000        -2.2000000000000002E+000           -2.298876            0.135001            0.197621           -0.160832           -0.413956           -0.670105           -0.998945           -1.241153           -1.266232           -0.294377           -0.065214           -0.086980            0.235372           -0.111264           -0.253421           -0.050298           -0.605022           -0.257696           -0.051263           -0.038898           -0.605807           -0.595904           -0.254307           -0.050679           -0.609822           -1.293811           -0.723309            4.000000
  712         1.0079181246047623E+001         8.2119395093312120E-001         7.9001019570371467E-001         3.8096907785742191E+000         8.9677522855722058E-001         2.5305821591199922E+000         1.9869592670470895E+000        -2.2000000000000002E+000           -2.298876            0.120891            0.186432           -0.179843           -0.436629           -0.697964           -1.032332           -1.279477           -1.305061           -0.316755           -0.082260           -0.104709            0.225196           -0.129276           -0.274704           -0.067371           -0.631817           -0.279187           -0.068239           -0.055632           -0.632612           -0.622592           -0.275676           -0.067654           -0.636691           -1.332936           -0.752132            4.000000
  713         1.0079181246047623E+001         8.2119431885716532E-001         7.9000992521358138E-001         3.8073989411394922E+000         9.0574774072802811E-001         2.5126369873864300E+000         1.9957369416497970E+000        -2.2000000000000002E+000           -2.298876            0.106598            0.174275           -0.199311           -0.459514           -0.726094           -1.065957           -1.317971           -1.344079           -0.339518           -0.099892           -0.123009            0.214084           -0.147813           -0.296360           -0.085012           -0.658925           -0.301062           -0.085824           -0.072982           -0.659730           -0.649612           -0.297421           -0.085236           -0.663872           -1.372245           -0.781194            4.000000
  714         1.0079181246047623E+001         8.2119468528968875E-001         7.9000962904171557E-001         3.8051324145278920E+000         9.1474044607904559E-001         2.4946514146191054E+000         2.0046562459054296E+000        -2.2000000000000002E+000           -2.298876            0.091772            0.160992           -0.219134           -0.482532           -0.754198           -1.099580           -1.356464           -1.383101           -0.362481           -0.118011           -0.141817            0.201748           -0.166785           -0.318353           -0.103212           -0.686052           -0.323253           -0.103981           -0.090924           -0.686868           -0.676678           -0.319496           -0.103391           -0.691073           -1.411577           -0.810200            4.000000
  715         1.0079181246047623E+001         8.2119505849985863E-001         7.9000930552129578E-001         3.8028919175640481E+000         9.2375111008028155E-001         2.4766299083493739E+000         2.0137155860525260E+000        -2.2000000000000002E+000           -2.298876            0.076443            0.146008           -0.239319           -0.505559           -0.782027           -1.133003           -1.394746           -1.421940           -0.385568           -0.136711           -0.161250            0.187536           -0.186260           -0.340734           -0.122116           -0.712968           -0.345788           -0.122876           -0.109630           -0.713795           -0.703580           -0.341937           -0.122285           -0.718065           -1.450768           -0.838888            4.000000
  716         1.0079181246047623E+001         8.2119545490563706E-001         7.9000894853949166E-001         3.8006895259498812E+000         9.3278748742006290E-001         2.4585569535756684E+000         2.0229787742754226E+000        -2.2000000000000002E+000           -2.298876            0.060425            0.130291           -0.260015           -0.529059           -0.810170           -1.166681           -1.433256           -1.460991           -0.409041           -0.155967           -0.181238            0.172552           -0.206268           -0.363620           -0.141560           -0.740228           -0.368808           -0.142345           -0.128916           -0.741065           -0.730835           -0.364873           -0.141753           -0.745400           -1.490172           -0.867867            4.000000
  717         1.0079181246047623E+001         8.2119596533397354E-001         7.9000854031204182E-001         3.7998102966912768E+000         9.3883248315123291E-001         2.4464667090043903E+000         2.0315518487033444E+000        -2.2000000000000002E+000           -2.298876            0.042179            0.111208           -0.280719           -0.550646           -0.833580           -1.192295           -1.460706           -1.488674           -0.430756           -0.176166           -0.201721            0.153727           -0.226742           -0.385178           -0.161799           -0.763324           -0.390407           -0.162631           -0.149126           -0.764166           -0.753948           -0.386443           -0.162037           -0.768525           -1.518017           -0.891574            4.000000
  718         1.0079181246047623E+001         8.2119644419254900E-001         7.9000812527574937E-001         3.8003451984377854E+000         9.4061722133010384E-001         2.4428969958770241E+000         2.0372609320471211E+000        -2.2000000000000002E+000           -2.298876            0.026750            0.094121           -0.296045           -0.565005           -0.846687           -1.204028           -1.471076           -1.498946           -0.445291           -0.191952           -0.217308            0.136418           -0.242305           -0.399920           -0.177473           -0.776704           -0.405108           -0.178360           -0.164892           -0.777543           -0.767354           -0.401165           -0.177760           -0.781885           -1.528234           -0.904422            4.000000
  719         1.0079181246047623E+001         8.2119710678393987E-001         7.9000769909846036E-001         3.7997416214907158E+000         9.4427074842532754E-001         2.4355896926788443E+000         2.0421536784492895E+000        -2.2000000000000002E+000           -2.298875            0.016641            0.083636           -0.307718           -0.577327           -0.860273           -1.219131           -1.487464           -1.515491           -0.457673           -0.203263           -0.228816            0.126117           -0.253810           -0.412187           -0.188819           -0.790067           -0.417405           -0.189731           -0.176211           -0.790909           -0.780725           -0.413442           -0.189130           -0.795268           -1.544884           -0.918219            4.000000
  720         1.0079181246047623E+001         8.2119814661639023E-001         7.9000735491340079E-001         3.7976689015887302E+000         9.5164913571216103E-001         2.4208327817836830E+000         2.0486195734150154E+000        -2.2000000000000002E+000           -2.298875            0.007000            0.074776           -0.321348           -0.593633           -0.880997           -1.245114           -1.518124           -1.546642           -0.473876           -0.215516           -0.241776            0.117941           -0.266776           -0.427936           -0.201287           -0.809953           -0.433259           -0.202188           -0.188516           -0.810806           -0.800608           -0.429229           -0.201590           -0.815225           -1.576361           -0.939743            4.000000
  721         1.0079181246047623E+001         8.2119897343238946E-001         7.9000692884504908E-001         3.7956605032168955E+000         9.5863671954036833E-001         2.4068574176640971E+000         2.0545611475840890E+000        -2.2000000000000002E+000           -2.298875           -0.001564            0.067053           -0.333668           -0.608620           -0.900185           -1.269427           -1.547022           -1.576013           -0.488652           -0.226502           -0.253459            0.110873           -0.278453           -0.442325           -0.212498           -0.828334           -0.447738           -0.213361           -0.199569           -0.829197           -0.818991           -0.443649           -0.212765           -0.833676           -1.606048           -0.959704            4.000000
  722         1.0079181246047623E+001         8.2120010513943065E-001         7.9000655397336139E-001         3.7936408986617556E+000         9.6582535422021309E-001         2.3924800032323508E+000         2.0608599987232168E+000        -2.2000000000000002E+000           -2.298875           -0.010941            0.058469           -0.346820           -0.624505           -0.920212           -1.294633           -1.576874           -1.606341           -0.504231           -0.238334           -0.265984            0.102941           -0.290963           -0.457568           -0.224552           -0.847542           -0.463058           -0.225378           -0.211453           -0.848409           -0.838107           -0.458919           -0.224785           -0.852951           -1.636698           -0.980504            4.000000
  723         1.0079181246047623E+001         8.2120205575398797E-001         7.9000637209793356E-001         3.7915867211011536E+000         9.7347746400805257E-001         2.3771758084283143E+000         2.0679475080564904E+000        -2.2000000000000002E+000           -2.298875           -0.022191            0.048011           -0.361867           -0.642379           -0.942213           -1.321925           -1.608919           -1.638871           -0.521704           -0.252069           -0.280411            0.093143           -0.305362           -0.474752           -0.238497           -0.868578           -0.480305           -0.239290           -0.225200           -0.869455           -0.859170           -0.476121           -0.238699           -0.874059           -1.669558           -1.003284            4.000000
  724         1.0079181246047623E+001         8.2120452000146327E-001         7.9000625913166567E-001         3.7894949698081151E+000         9.8148120695689944E-001         2.3611684240032242E+000         2.0755879887820292E+000        -2.2000000000000002E+000           -2.298874           -0.034612            0.036337           -0.378194           -0.661752           -0.965425           -1.350726           -1.642592           -1.673039           -0.540469           -0.267062           -0.296118            0.082142           -0.321031           -0.493262           -0.253707           -0.890992           -0.498869           -0.254471           -0.240213           -0.891881           -0.881621           -0.494645           -0.253883           -0.896546           -1.704064           -1.027383            4.000000
  725         1.0079181246047623E+001         8.2120715422309587E-001         7.9000604174741307E-001         3.7873797215796285E+000         9.8979338288669072E-001         2.3445441295627378E+000         2.0837513477276666E+000        -2.2000000000000002E+000           -2.298874           -0.048130            0.023498           -0.395739           -0.682447           -0.989926           -1.380840           -1.677722           -1.708673           -0.560449           -0.283255           -0.313060            0.069994           -0.337909           -0.513020           -0.270124           -0.914693           -0.518670           -0.270860           -0.256433           -0.915594           -0.905364           -0.514412           -0.270275           -0.920322           -1.740040           -1.052668            4.000000
  726         1.0079181246047623E+001         8.2120977879768597E-001         7.9000554439120874E-001         3.7852675540057810E+000         9.9822410702296138E-001         2.3276825850421914E+000         2.0921641257048176E+000        -2.2000000000000002E+000           -2.298874           -0.062113            0.010127           -0.413838           -0.703766           -1.014982           -1.411463           -1.713443           -1.744900           -0.580962           -0.299997           -0.330601            0.057328           -0.355339           -0.533335           -0.287100           -0.938958           -0.539017           -0.287802           -0.273208           -0.939872           -0.929693           -0.534730           -0.287219           -0.944662           -1.776565           -1.078507            4.000000
  727         1.0079181246047623E+001         8.2121248292831739E-001         7.9000438971559639E-001         3.7831859268109049E+000         1.0065988293343775E+000         2.3109326845733325E+000         2.1005870615481470E+000        -2.2000000000000002E+000           -2.298873           -0.076035           -0.003245           -0.431924           -0.725105           -1.039958           -1.441940           -1.748971           -1.780898           -0.601416           -0.316733           -0.348138            0.044670           -0.372761           -0.553611           -0.304118           -0.963243           -0.559316           -0.304755           -0.289976           -0.964178           -0.954059           -0.555005           -0.304174           -0.969025           -1.812861           -1.104249            4.000000
  728         1.0079181246047623E+001         8.2121569848722242E-001         7.9000066345154385E-001         3.7818767971334215E+000         1.0098476479810583E+000         2.3044331706459733E+000         2.1018481801315745E+000        -2.2000000000000002E+000           -2.298873           -0.074910           -0.001073           -0.432961           -0.728347           -1.045603           -1.450993           -1.761276           -1.793479           -0.603994           -0.316866           -0.348792            0.047316           -0.373349           -0.556040           -0.304466           -0.968366           -0.561760           -0.305066           -0.290155           -0.969310           -0.959198           -0.557437           -0.304489           -0.974196           -1.825646           -1.110356            4.000000
  729         1.0079181246047623E+001         8.2121864184233617E-001         7.8999868618223035E-001         3.7810194885957014E+000         1.0092928842788307E+000         2.3055418068483124E+000         2.0973094185762378E+000        -2.2000000000000002E+000           -2.298873           -0.061139            0.014325           -0.419945           -0.716942           -1.035827           -1.443486           -1.755990           -1.788379           -0.592058           -0.303193           -0.335479            0.063044           -0.360004           -0.543956           -0.290985           -0.958218           -0.549689           -0.291528           -0.276548           -0.959167           -0.949049           -0.545359           -0.290957           -0.964080           -1.820667           -1.100943            4.000000
  730         1.0079181246047623E+001         8.2122167124123280E-001         7.8999672598465120E-001         3.7801256584383047E+000         1.0087593781191164E+000         2.3066079459723063E+000         2.0926670856272236E+000        -2.2000000000000002E+000           -2.298872           -0.046963            0.030154           -0.406593           -0.705278           -1.025846           -1.435874           -1.750694           -1.783280           -0.579828           -0.289159           -0.321822            0.079221           -0.346311           -0.531577           -0.277150           -0.947852           -0.537322           -0.277636           -0.262589           -0.948807           -0.938682           -0.532985           -0.277070           -0.953747           -1.815694           -1.091340            4.000000
  731         1.0079181246047623E+001         8.2122511991508551E-001         7.8999288924188160E-001         3.7791092676108091E+000         1.0089046173335388E+000         2.3063154592083546E+000         2.0888920007460876E+000        -2.2000000000000002E+000           -2.298872           -0.034409            0.044262           -0.395231           -0.695805           -1.018254           -1.430971           -1.748401           -1.781213           -0.569719           -0.277038           -0.310128            0.093724           -0.334570           -0.521318           -0.265243           -0.939831           -0.527072           -0.265673           -0.250551           -0.940793           -0.930667           -0.522728           -0.265112           -0.945764           -1.813776           -1.084167            4.000000
  732         1.0079181246047623E+001         8.2122926307950528E-001         7.8998587256148989E-001         3.7779403326364491E+000         1.0101093160930548E+000         2.3039022092955519E+000         2.0866256583676783E+000        -2.2000000000000002E+000           -2.298871           -0.024906            0.055128           -0.387434           -0.690140           -1.014711           -1.430513           -1.750917           -1.783991           -0.563335           -0.268388           -0.301968            0.105048           -0.326350           -0.514783           -0.256821           -0.935810           -0.520545           -0.257200           -0.241988           -0.936779           -0.926658           -0.516194           -0.256645           -0.941786           -1.816730           -1.081094            4.000000
  733         1.0079181246047623E+001         8.2123378221437671E-001         7.8997714270491470E-001         3.7765755383502175E+000         1.0125530910374354E+000         2.2990098666828209E+000         2.0860540311115119E+000        -2.2000000000000002E+000           -2.298870           -0.018714            0.062484           -0.383588           -0.688754           -1.015758           -1.435187           -1.759002           -1.792388           -0.561111           -0.263564           -0.297715            0.112945           -0.322020           -0.512406           -0.252244           -0.936310           -0.518172           -0.252578           -0.237256           -0.937289           -0.927179           -0.513815           -0.252027           -0.942336           -1.825336           -1.082677            4.000000
  734         1.0079181246047623E+001         8.2123897294698245E-001         7.8996589044176968E-001         3.7750974161179167E+000         1.0158545413150117E+000         2.2924009069773588E+000         2.0867444427374604E+000        -2.2000000000000002E+000           -2.298869           -0.015025            0.067135           -0.382721           -0.690553           -1.020152           -1.443527           -1.771006           -1.804736           -0.561986           -0.261645           -0.296415            0.118196           -0.320632           -0.513129           -0.250579           -0.940122           -0.518896           -0.250873           -0.235428           -0.941111           -0.931019           -0.514533           -0.250327           -0.946203           -1.837914           -1.087645            4.000000
  735         1.0079181246047623E+001         8.2124540988275596E-001         7.8995013684565263E-001         3.7734089462848148E+000         1.0208071345913547E+000         2.2824873533630368E+000         2.0898957499577389E+000        -2.2000000000000002E+000           -2.298868           -0.016315            0.066444           -0.387696           -0.698562           -1.031075           -1.458960           -1.790587           -1.824717           -0.568929           -0.265429           -0.300908            0.118210           -0.325021           -0.519916           -0.254632           -0.950392           -0.525679           -0.254894           -0.239303           -0.951393           -0.941328           -0.521310           -0.254351           -0.956534           -1.858194           -1.099210            4.000000
  736         1.0079181246047623E+001         8.2125210432850448E-001         7.8993290684476347E-001         3.7714453584375605E+000         1.0277964092444707E+000         2.2684996530160930E+000         2.0960199478749528E+000        -2.2000000000000002E+000           -2.298867           -0.023457            0.059458           -0.399670           -0.714074           -1.049920           -1.483054           -1.819470           -1.854112           -0.583176           -0.276022           -0.312327            0.111951           -0.336316           -0.533993           -0.265509           -0.968490           -0.539747           -0.265751           -0.249982           -0.969506           -0.959478           -0.535373           -0.265210           -0.974704           -1.887906           -1.118792            4.000000
  737         1.0079181246047623E+001         8.2125839052545779E-001         7.8991593181071229E-001         3.7693900315076068E+000         1.0354988501994851E+000         2.2530857000340965E+000         2.1032035220651677E+000        -2.2000000000000002E+000           -2.298866           -0.032428            0.050379           -0.414081           -0.732256           -1.071552           -1.510193           -1.851594           -1.886821           -0.599978           -0.288970           -0.326147            0.103637           -0.350008           -0.550612           -0.278741           -0.989343           -0.556352           -0.278967           -0.263005           -0.990375           -0.980389           -0.551973           -0.278429           -0.995632           -1.920929           -1.141192            4.000000
  738         1.0079181246047623E+001         8.2126449196137163E-001         7.8989797534613082E-001         3.7673006096436605E+000         1.0434214316180292E+000         2.2372308848895681E+000         2.1106909974464703E+000        -2.2000000000000002E+000           -2.298865           -0.041569            0.040932           -0.429105           -0.751202           -1.093974           -1.538228           -1.884661           -1.920536           -0.617457           -0.302477           -0.340552            0.095157           -0.364286           -0.567888           -0.292528           -1.010972           -0.573613           -0.292742           -0.276578           -1.012022           -1.002080           -0.569230           -0.292205           -1.017339           -1.954959           -1.164397            4.000000
  739         1.0079181246047623E+001         8.2127001237091934E-001         7.8988028543191569E-001         3.7651678090306033E+000         1.0516447960881012E+000         2.2207745358421689E+000         2.1186065239343881E+000        -2.2000000000000002E+000           -2.298864           -0.051081            0.030848           -0.445032           -0.771225           -1.117516           -1.567511           -1.919084           -1.955633           -0.635919           -0.316827           -0.355828            0.086190           -0.379438           -0.586126           -0.307149           -1.033704           -0.591834           -0.307356           -0.290977           -1.034771           -1.024877           -0.587447           -0.306820           -1.040149           -1.990372           -1.188738            4.000000
  740         1.0079181246047623E+001         8.2127476174942327E-001         7.8986388029286669E-001         3.7630095461780000E+000         1.0600940251327413E+000         2.2038670233599320E+000         2.1268719306132531E+000        -2.2000000000000002E+000           -2.298863           -0.060796            0.020245           -0.461693           -0.792127           -1.141950           -1.597770           -1.954561           -1.991787           -0.655181           -0.331858           -0.371808            0.076837           -0.395298           -0.605139           -0.322441           -1.057318           -0.610830           -0.322645           -0.306040           -1.058403           -1.048558           -0.606438           -0.322109           -1.063842           -2.026840           -1.213983            4.000000
  741         1.0079181246047623E+001         8.2127917800613748E-001         7.8984774711719385E-001         3.7608554201531481E+000         1.0686252328346229E+000         2.1867956883051778E+000         2.1353178419176086E+000        -2.2000000000000002E+000           -2.298862           -0.070399            0.009557           -0.478715           -0.813480           -1.166805           -1.628453           -1.990471           -2.028366           -0.674839           -0.347218           -0.388126            0.067395           -0.411502           -0.624526           -0.338043           -1.081352           -0.630200           -0.338250           -0.321410           -1.082457           -1.072662           -0.625803           -0.337713           -1.087956           -2.063725           -1.239649            4.000000
  742         1.0079181246047623E+001         8.2128350016558460E-001         7.8983140194873802E-001         3.7587118635955266E+000         1.0771886619158830E+000         2.1696598617049618E+000         2.1438704738496415E+000        -2.2000000000000002E+000           -2.298861           -0.079711           -0.001125           -0.495924           -0.835100           -1.191888           -1.659347           -2.026555           -2.065139           -0.694715           -0.362737           -0.404606            0.058031           -0.427878           -0.644109           -0.353784           -1.105616           -0.649769           -0.353998           -0.336915           -1.106740           -1.096997           -0.645364           -0.353460           -1.112299           -2.100797           -1.265540            4.000000
  743         1.0079181246047623E+001         8.2128785304363916E-001         7.8981430926085272E-001         3.7565837044596577E+000         1.0857482659680415E+000         2.1525313066624032E+000         2.1524770454104849E+000        -2.2000000000000002E+000           -2.298860           -0.088602           -0.011649           -0.513198           -0.856851           -1.217058           -1.690302           -2.062646           -2.101938           -0.714686           -0.378294           -0.421129            0.048859           -0.444305           -0.663764           -0.369541           -1.129972           -0.669412           -0.369770           -0.352435           -1.131115           -1.121424           -0.664998           -0.369229           -1.136734           -2.137885           -1.291516            4.000000
  744         1.0079181246047623E+001         8.2129228553760725E-001         7.8979615214293553E-001         3.7544644231889954E+000         1.0943001148988505E+000         2.1354176650430818E+000         2.1611036181894541E+000        -2.2000000000000002E+000           -2.298858           -0.096929           -0.021960           -0.530439           -0.878651           -1.242247           -1.721262           -2.098704           -2.138726           -0.734665           -0.393788           -0.437593            0.040011           -0.460684           -0.683407           -0.385213           -1.154347           -0.689046           -0.385460           -0.367865           -1.155509           -1.145872           -0.684619           -0.384917           -1.161187           -2.174954           -1.317509            4.000000
  745         1.0079181246047623E+001         8.2129679737429884E-001         7.8977687457059620E-001         3.7523665278841514E+000         1.1028265742399777E+000         2.1183541493113029E+000         2.1697649556523340E+000        -2.2000000000000002E+000           -2.298857           -0.104775           -0.032159           -0.547715           -0.900534           -1.267470           -1.752213           -2.134676           -2.175448           -0.754705           -0.409294           -0.454069            0.031379           -0.477085           -0.703093           -0.400871           -1.178763           -0.708727           -0.401145           -0.383281           -1.179945           -1.170361           -0.704285           -0.400598           -1.185680           -2.211948           -1.343530            4.000000
  746         1.0079181246047623E+001         8.2130132693701574E-001         7.8975678420694506E-001         3.7502750890117809E+000         1.1113506157074773E+000         2.1012949844723257E+000         2.1784472830978490E+000        -2.2000000000000002E+000           -2.298856           -0.111992           -0.042097           -0.564960           -0.922468           -1.292721           -1.783185           -2.170630           -2.212178           -0.774763           -0.424737           -0.470487            0.023094           -0.493437           -0.722778           -0.416439           -1.203206           -0.728414           -0.416747           -0.398603           -1.204409           -1.194880           -0.723952           -0.416196           -1.210201           -2.248941           -1.369579            4.000000
  747         1.0079181246047623E+001         8.2130583957071601E-001         7.8973604527945351E-001         3.7481931488845137E+000         1.1198696705619260E+000         2.0842454152817762E+000         2.1871576322976800E+000        -2.2000000000000002E+000           -2.298855           -0.118587           -0.051808           -0.582203           -0.944470           -1.318013           -1.814187           -2.206561           -2.248911           -0.794865           -0.440145           -0.486873            0.015121           -0.509769           -0.742493           -0.431945           -1.227693           -0.748135           -0.432295           -0.413859           -1.228916           -1.219443           -0.743649           -0.431737           -1.234764           -2.285928           -1.395667            4.000000
  748         1.0079181246047623E+001         8.2131029515323450E-001         7.8971468119712340E-001         3.7461195134191585E+000         1.1283840169248671E+000         2.0672048813533461E+000         2.1958917831621405E+000        -2.2000000000000002E+000           -2.298854           -0.124515           -0.061274           -0.599431           -0.966531           -1.343340           -1.845214           -2.242465           -2.285645           -0.815004           -0.455507           -0.503217            0.007482           -0.526070           -0.762233           -0.447376           -1.252217           -0.767888           -0.447775           -0.429037           -1.253461           -1.244045           -0.763373           -0.447211           -1.259365           -2.322909           -1.421790            4.000000
  749         1.0079181246047623E+001         8.2131460085314512E-001         7.8969329445718361E-001         3.7440458367297493E+000         1.1369106730536069E+000         2.0501397130364354E+000         2.2046503886619817E+000        -2.2000000000000002E+000           -2.298852           -0.129683           -0.070443           -0.616630           -0.988650           -1.368717           -1.876305           -2.278395           -2.322438           -0.835177           -0.470801           -0.519498            0.000236           -0.542320           -0.781999           -0.462705           -1.276790           -0.787674           -0.463164           -0.444111           -1.278054           -1.268698           -0.783124           -0.462592           -1.284013           -2.359942           -1.447963            4.000000
  750         1.0079181246047623E+001         8.2131875772821639E-001         7.8967183893967863E-001         3.7419758679924855E+000         1.1454380938517761E+000         2.0330729795703277E+000         2.2134253553092673E+000        -2.2000000000000002E+000           -2.298851           -0.134068           -0.079317           -0.633791           -1.010809           -1.394120           -1.907425           -2.314304           -2.359244           -0.855373           -0.486021           -0.535709           -0.006619           -0.558511           -0.801784           -0.477928           -1.301389           -0.807486           -0.478455           -0.459075           -1.302673           -1.293378           -0.802896           -0.477874           -1.308687           -2.396978           -1.474162            4.000000
  751         1.0079181246047623E+001         8.2132279346683668E-001         7.8965008171881124E-001         3.7399107943519416E+000         1.1539638332834503E+000         2.0160094369862067E+000         2.2222165396104394E+000        -2.2000000000000002E+000           -2.298849           -0.137956           -0.088014           -0.650984           -1.032963           -1.419584           -1.938579           -2.350189           -2.396054           -0.875627           -0.501264           -0.551918           -0.013227           -0.574720           -0.821620           -0.493114           -1.326030           -0.827354           -0.493720           -0.473999           -1.327336           -1.318112           -0.822719           -0.493129           -1.333406           -2.434016           -1.500445            4.000000
  752         1.0079181246047623E+001         8.2132673926054711E-001         7.8962776827108505E-001         3.7378514625796759E+000         1.1624794461798977E+000         1.9989658388492320E+000         2.2310104383142688E+000        -2.2000000000000002E+000           -2.298848           -0.141447           -0.096491           -0.668202           -1.055044           -1.445115           -1.969741           -2.386003           -2.432836           -0.895919           -0.516531           -0.568104           -0.019550           -0.590935           -0.841482           -0.508245           -1.350703           -0.847248           -0.508939           -0.488862           -1.352032           -1.342895           -0.842567           -0.508336           -1.358160           -2.471025           -1.526833            4.000000
  753         1.0079181246047623E+001         8.2133060902781363E-001         7.8960480504074082E-001         3.7357972590683213E+000         1.1709887038445956E+000         1.9819346002799971E+000         2.2398121395982482E+000        -2.2000000000000002E+000           -2.298846           -0.142830           -0.103316           -0.685202           -1.077164           -1.470954           -2.000979           -2.421518           -2.469629           -0.916205           -0.531369           -0.583838           -0.023860           -0.606792           -0.861260           -0.522804           -1.375637           -0.867065           -0.523592           -0.503103           -1.376987           -1.367946           -0.862330           -0.522976           -1.383179           -2.508079           -1.553559            4.000000
  754         1.0079181246047623E+001         8.2133434255574489E-001         7.8958174729918329E-001         3.7337464626548256E+000         1.1794949499044198E+000         1.9649093377525351E+000         2.2486214460639142E+000        -2.2000000000000002E+000           -2.298844           -0.143913           -0.110069           -0.702233           -1.099205           -1.496817           -2.032227           -2.457015           -2.506413           -0.936522           -0.546249           -0.599588           -0.027990           -0.622675           -0.881066           -0.537355           -1.400570           -0.886910           -0.538245           -0.517335           -1.401944           -1.393012           -0.882122           -0.537616           -1.408201           -2.545121           -1.580339            4.000000
  755         1.0079181246047623E+001         8.2133792450956444E-001         7.8955871039727166E-001         3.7316960951018840E+000         1.1880035613763498E+000         1.9478793404649126E+000         2.2574371987960071E+000        -2.2000000000000002E+000           -2.298842           -0.144669           -0.116729           -0.719274           -1.121160           -1.522692           -2.063489           -2.492517           -2.543208           -0.956854           -0.561145           -0.615333           -0.031893           -0.638563           -0.900887           -0.551879           -1.425493           -0.906767           -0.552881           -0.531540           -1.426891           -1.418082           -0.901925           -0.552236           -1.433215           -2.582169           -1.607159            4.000000
  756         1.0079181246047623E+001         8.2134144311975543E-001         7.8953488557757090E-001         3.7296544020843787E+000         1.1964969358710675E+000         1.9308793550657075E+000         2.2662571757154226E+000        -2.2000000000000002E+000           -2.298840           -0.145174           -0.123369           -0.736327           -1.143023           -1.548545           -2.094719           -2.527968           -2.579947           -0.977193           -0.576068           -0.631088           -0.035783           -0.654465           -0.920717           -0.566397           -1.450380           -0.926632           -0.567518           -0.545742           -1.451802           -1.443126           -0.921736           -0.566858           -1.458194           -2.619158           -1.633974            4.000000
  757         1.0079181246047623E+001         8.2134487639307596E-001         7.8951052055089266E-001         3.7276118467382489E+000         1.2049921363532237E+000         1.9138754006269498E+000         2.2750773552952159E+000        -2.2000000000000002E+000           -2.298838           -0.145329           -0.129916           -0.753349           -1.164777           -1.574364           -2.125939           -2.563423           -2.616686           -0.997507           -0.590961           -0.646808           -0.039599           -0.670333           -0.940525           -0.580859           -1.475219           -0.946475           -0.582111           -0.559939           -1.476667           -1.468136           -0.941525           -0.581431           -1.483128           -2.656142           -1.660775            4.000000
  758         1.0079181246047623E+001         8.2134821795196489E-001         7.8948586391798325E-001         3.7255699195081249E+000         1.2134909846415742E+000         1.8968640036519240E+000         2.2839073429514194E+000        -2.2000000000000002E+000           -2.298835           -0.145164           -0.136407           -0.770354           -1.186444           -1.600160           -2.157163           -2.598899           -2.653437           -1.017812           -0.605839           -0.662513           -0.043391           -0.686182           -0.960329           -0.595306           -1.500026           -0.966311           -0.596732           -0.574117           -1.501499           -1.493122           -0.961307           -0.596028           -1.508030           -2.693144           -1.687565            4.000000
  759         1.0079181246047623E+001         8.2135144999175436E-001         7.8946103892247255E-001         3.7235334273911009E+000         1.2219900481481429E+000         1.8798520775026666E+000         2.2927595014964623E+000        -2.2000000000000002E+000           -2.298833           -0.144748           -0.142905           -0.787373           -1.208053           -1.625941           -2.188395           -2.634399           -2.690198           -1.038134           -0.620749           -0.678241           -0.047168           -0.702049           -0.980157           -0.609792           -1.524816           -0.986169           -0.611364           -0.588301           -1.526315           -1.518101           -0.981111           -0.610641           -1.532917           -2.730165           -1.714384            4.000000
  760         1.0079181246047623E+001         8.2135456643875160E-001         7.8943622639022548E-001         3.7215020655962041E+000         1.2305041509477723E+000         1.8628100751217405E+000         2.3016622599161289E+000        -2.2000000000000002E+000           -2.298830           -0.144138           -0.149480           -0.804466           -1.229674           -1.651783           -2.219704           -2.669999           -2.727042           -1.058533           -0.635750           -0.694063           -0.051000           -0.717992           -1.000071           -0.624347           -1.549655           -1.006111           -0.626071           -0.602558           -1.551181           -1.543135           -1.001000           -0.625329           -1.557853           -2.767257           -1.741275            4.000000
  761         1.0079181246047623E+001         8.2135760532290369E-001         7.8941116920737131E-001         3.7194720152159455E+000         1.2390651919916529E+000         1.8456740569992125E+000         2.3106641404828574E+000        -2.2000000000000002E+000           -2.298826           -0.143392           -0.156218           -0.821731           -1.251423           -1.677819           -2.251222           -2.705847           -2.764128           -1.079116           -0.650911           -0.710093           -0.054966           -0.734107           -1.020177           -0.639068           -1.574662           -1.026244           -0.640950           -0.616984           -1.576214           -1.568342           -1.021081           -0.640189           -1.582955           -2.804570           -1.768318            4.000000
  762         1.0079181246047623E+001         8.2136060388685705E-001         7.8938546971046786E-001         3.7174579072329648E+000         1.2476888435421980E+000         1.8284124251141616E+000         2.3198550116520291E+000        -2.2000000000000002E+000           -2.298822           -0.142862           -0.163445           -0.839420           -1.273533           -1.704201           -2.283106           -2.742071           -2.801563           -1.100115           -0.666497           -0.726565           -0.059431           -0.750654           -1.040713           -0.654229           -1.600040           -1.046803           -0.656271           -0.631849           -1.601619           -1.593924           -1.041589           -0.655491           -1.608428           -2.842220           -1.795692            4.000000
  763         1.0079181246047623E+001         8.2136357284519146E-001         7.8935895139622303E-001         3.7154619336343950E+000         1.2563792789350816E+000         1.8110167249452291E+000         2.3292519880435139E+000        -2.2000000000000002E+000           -2.298817           -0.142600           -0.171209           -0.857570           -1.296048           -1.730961           -2.315389           -2.778706           -2.839374           -1.121566           -0.682545           -0.743521           -0.064496           -0.767671           -1.061714           -0.669872           -1.625827           -1.067826           -0.672079           -0.647202           -1.627431           -1.619915           -1.062563           -0.671279           -1.634308           -2.880239           -1.823427            4.000000
  764         1.0079181246047623E+001         8.2136651091280921E-001         7.8933171464725604E-001         3.7134846832692241E+000         1.2651517967733801E+000         1.7934564105817821E+000         2.3388880222594284E+000        -2.2000000000000002E+000           -2.298812           -0.142683           -0.179591           -0.876254           -1.319048           -1.758172           -2.348144           -2.815828           -2.877637           -1.143544           -0.699125           -0.761037           -0.070194           -0.785232           -1.083257           -0.686075           -1.652099           -1.089388           -0.688449           -0.663121           -1.653729           -1.646391           -1.084077           -0.687630           -1.660672           -2.918702           -1.851591            4.000000
  765         1.0079181246047623E+001         8.2136944594201688E-001         7.8930362717587588E-001         3.7115456089777457E+000         1.2740342389195618E+000         1.7756757009381019E+000         2.3488966093858776E+000        -2.2000000000000002E+000           -2.298806           -0.143632           -0.189060           -0.895852           -1.342886           -1.786140           -2.381624           -2.853649           -2.916553           -1.166400           -0.716635           -0.779503           -0.077016           -0.803726           -1.105697           -0.703241           -1.679174           -1.111845           -0.705784           -0.680011           -1.680829           -1.673665           -1.106487           -0.704945           -1.687834           -2.957808           -1.880475            4.000000
  766         1.0079181246047623E+001         8.2137240639595221E-001         7.8927445405540908E-001         3.7096679213396815E+000         1.2830484671253488E+000         1.7576307021501323E+000         2.3594143152451963E+000        -2.2000000000000002E+000           -2.298799           -0.146038           -0.200129           -0.916768           -1.367930           -1.815179           -2.416075           -2.892361           -2.956301           -1.190502           -0.735499           -0.799336           -0.085497           -0.823568           -1.129406           -0.721801           -1.707375           -1.135568           -0.724511           -0.698303           -1.709053           -1.702058           -1.130166           -0.723654           -1.716118           -2.997736           -1.910383            4.000000
  767         1.0079181246047623E+001         8.2137537413730954E-001         7.8924417603168451E-001         3.7078586822228825E+000         1.2921421657520660E+000         1.7394260480597179E+000         2.3703647560314343E+000        -2.2000000000000002E+000           -2.298792           -0.149832           -0.212670           -0.938832           -1.393997           -1.845088           -2.451273           -2.931725           -2.996640           -1.215667           -0.755555           -0.820372           -0.095521           -0.844591           -1.154203           -0.741595           -1.736508           -1.160376           -0.744472           -0.717837           -1.738208           -1.731374           -1.154933           -0.743596           -1.745329           -3.038240           -1.941108            4.000000
  768         1.0079181246047623E+001         8.2137831197145639E-001         7.8921302291635420E-001         3.7061023569646769E+000         1.3012935958969387E+000         1.7211053796467433E+000         2.3816423152883566E+000        -2.2000000000000002E+000           -2.298783           -0.154604           -0.226300           -0.961734           -1.420817           -1.875629           -2.487021           -2.971581           -3.037418           -1.241612           -0.776480           -0.842293           -0.106687           -0.866480           -1.179801           -0.762301           -1.766325           -1.185983           -0.765342           -0.738297           -1.768046           -1.761365           -1.180501           -0.764449           -1.775219           -3.079174           -1.972417            4.000000
  769         1.0079181246047623E+001         8.2138119326322778E-001         7.8918109148964866E-001         3.7044042575963201E+000         1.3104759765593181E+000         1.7027223411216394E+000         2.3932146791396889E+000        -2.2000000000000002E+000           -2.298773           -0.160365           -0.240987           -0.985414           -1.448319           -1.906718           -2.523217           -3.011811           -3.078514           -1.268267           -0.798218           -0.865041           -0.118967           -0.889175           -1.206130           -0.783863           -1.796746           -1.212320           -0.787067           -0.759629           -1.798486           -1.791951           -1.206801           -0.786157           -1.805708           -3.120416           -2.004225            4.000000
  770         1.0079181246047623E+001         8.2138399880430435E-001         7.8914837796801962E-001         3.7027614377954992E+000         1.3196815974972123E+000         1.6842923710687838E+000         2.4050546418121916E+000        -2.2000000000000002E+000           -2.298763           -0.167030           -0.256636           -1.009795           -1.476438           -1.938298           -2.559808           -3.052366           -3.119884           -1.295560           -0.820690           -0.888538           -0.132263           -0.912598           -1.233119           -0.806203           -1.827710           -1.239313           -0.809567           -0.781752           -1.829468           -1.823069           -1.233761           -0.808641           -1.836735           -3.161922           -2.036475            4.000000
  771         1.0079181246047623E+001         8.2138671923885831E-001         7.8911492010933182E-001         3.7011786593643832E+000         1.3289023942227782E+000         1.6658316327202489E+000         2.4171651215388579E+000        -2.2000000000000002E+000           -2.298752           -0.174690           -0.273301           -1.034907           -1.505194           -1.970379           -2.596784           -3.093223           -3.161504           -1.323513           -0.843933           -0.912815           -0.146631           -0.936782           -1.260788           -0.829357           -1.859228           -1.266986           -0.832876           -0.804701           -1.861004           -1.854732           -1.261402           -0.831935           -1.868312           -3.203668           -2.069176            4.000000
  772         1.0079181246047623E+001         8.2138936019819631E-001         7.8908064464841443E-001         3.6996587333433193E+000         1.3381194320020837E+000         1.6473779489132117E+000         2.4295194930132133E+000        -2.2000000000000002E+000           -2.298739           -0.183346           -0.290941           -1.060701           -1.534533           -2.002914           -2.634070           -3.134294           -3.203296           -1.352069           -0.867900           -0.937822           -0.162037           -0.961677           -1.289081           -0.853274           -1.891241           -1.295280           -0.856946           -0.828420           -1.893032           -1.886877           -1.289667           -0.855991           -1.900378           -3.245567           -2.102269            4.000000
  773         1.0079181246047623E+001         8.2139194515828728E-001         7.8904534931205161E-001         3.6982012363694037E+000         1.3473200923343565E+000         1.6289564143402493E+000         2.4420908257821017E+000        -2.2000000000000002E+000           -2.298727           -0.192954           -0.309547           -1.087114           -1.564392           -2.035858           -2.671604           -3.175514           -3.245189           -1.381166           -0.892532           -0.963497           -0.178328           -0.987222           -1.317934           -0.877895           -1.923687           -1.324134           -0.881714           -0.852849           -1.925492           -1.919445           -1.318493           -0.880745           -1.932872           -3.287557           -2.135697            4.000000
  774         1.0079181246047623E+001         8.2139451071724756E-001         7.8900868673774771E-001         3.6968126238081753E+000         1.3564757780612469E+000         1.6106239747542599E+000         2.4548477469909655E+000        -2.2000000000000002E+000           -2.298714           -0.203560           -0.329115           -1.114101           -1.594711           -2.069114           -2.709286           -3.216761           -3.287060           -1.410745           -0.917792           -0.989793           -0.195547           -1.013375           -1.347289           -0.903177           -1.956493           -1.353487           -0.907140           -0.877951           -1.958310           -1.952362           -1.347822           -0.906158           -1.965722           -3.329523           -2.169393            4.000000
  775         1.0079181246047623E+001         8.2139710385635434E-001         7.8897012469397909E-001         3.6954877471128502E+000         1.3655747728978835E+000         1.5924036781872632E+000         2.4677462298829402E+000        -2.2000000000000002E+000           -2.298702           -0.215023           -0.349432           -1.141544           -1.625382           -2.102587           -2.747030           -3.257958           -3.328835           -1.440696           -0.943560           -1.016592           -0.213585           -1.040015           -1.377034           -0.928999           -1.989559           -1.383230           -0.933099           -0.903602           -1.991388           -1.985529           -1.377542           -0.932106           -1.998828           -3.371393           -2.203295            4.000000
  776         1.0079181246047623E+001         8.2139977987033785E-001         7.8892894137941449E-001         3.6942093727530434E+000         1.3746216419797408E+000         1.5742858675128106E+000         2.4807264706074279E+000        -2.2000000000000002E+000           -2.298689           -0.226990           -0.370209           -1.169242           -1.656237           -2.136148           -2.784758           -3.299064           -3.370486           -1.470846           -0.969624           -1.043700           -0.232125           -1.066931           -1.406992           -0.955137           -2.022751           -1.413184           -0.959371           -0.929574           -2.024591           -2.018811           -1.407474           -0.958367           -2.032056           -3.413132           -2.237247            4.000000
  777         1.0079181246047623E+001         8.2140259542586946E-001         7.8888415683870861E-001         3.6929949698592361E+000         1.3835737355037767E+000         1.5563551477167890E+000         2.4937730460802703E+000        -2.2000000000000002E+000           -2.298676           -0.239702           -0.391569           -1.197230           -1.687271           -2.169756           -2.822366           -3.339926           -3.411850           -1.501196           -0.996044           -1.071141           -0.251323           -1.094168           -1.437166           -0.981646           -2.056030           -1.443354           -0.986009           -0.955925           -2.057878           -2.052171           -1.437625           -0.984994           -2.065366           -3.454577           -2.271204            4.000000
  778         1.0079181246047623E+001         8.2140552317244109E-001         7.8883581347849452E-001         3.6918215029983790E+000         1.3924567602795306E+000         1.5385601287021502E+000         2.5068452281883489E+000        -2.2000000000000002E+000           -2.298662           -0.252753           -0.413214           -1.225329           -1.718355           -2.203333           -2.859847           -3.380592           -3.452991           -1.531609           -1.022604           -1.098724           -0.270845           -1.121535           -1.467415           -1.008319           -2.089309           -1.473598           -1.012807           -0.982447           -2.091166           -2.085524           -1.467851           -1.011783           -2.098674           -3.495794           -2.305096            4.000000
  779         1.0079181246047623E+001         8.2140845807376284E-001         7.8878504462080290E-001         3.6906770742871950E+000         1.4012990468760802E+000         1.5208449801338408E+000         2.5199520865367111E+000        -2.2000000000000002E+000           -2.298649           -0.266006           -0.435061           -1.253520           -1.749497           -2.236913           -2.897269           -3.421158           -3.494012           -1.562087           -1.049273           -1.126424           -0.290589           -1.149005           -1.497739           -1.035125           -2.122620           -1.503916           -1.039736           -1.009105           -2.124484           -2.118900           -1.498153           -1.038702           -2.132010           -3.536888           -2.338963            4.000000
  780         1.0079181246047623E+001         8.2141132914286374E-001         7.8873280490372000E-001         3.6895588225402074E+000         1.4101151359289341E+000         1.5031813075757476E+000         2.5331112576544679E+000        -2.2000000000000002E+000           -2.298636           -0.279462           -0.457119           -1.281841           -1.780742           -2.270548           -2.934694           -3.461691           -3.534981           -1.592673           -1.076084           -1.154276           -0.310568           -1.176613           -1.528181           -1.062096           -2.156012           -1.534351           -1.066826           -1.035932           -2.157883           -2.152351           -1.528572           -1.065784           -2.165425           -3.577927           -2.372857            4.000000
  781         1.0079181246047623E+001         8.2141412458786123E-001         7.8867933569389070E-001         3.6884492499765518E+000         1.4189279074356791E+000         1.4855235096503252E+000         2.5462985104133358E+000        -2.2000000000000002E+000           -2.298622           -0.292000           -0.479032           -1.310230           -1.812080           -2.304346           -2.972208           -3.502130           -3.575864           -1.623373           -1.102935           -1.182211           -0.330412           -1.204272           -1.558740           -1.089140           -2.189576           -1.564904           -1.093992           -1.062801           -2.191453           -2.185968           -1.559109           -1.092937           -2.199012           -3.618879           -2.406885            4.000000
  782         1.0079181246047623E+001         8.2141685445507595E-001         7.8862447639649058E-001         3.6873633471611420E+000         1.4277127833298615E+000         1.4679206249768129E+000         2.5595246509400655E+000        -2.2000000000000002E+000           -2.298609           -0.304401           -0.500983           -1.338694           -1.843510           -2.338216           -3.009723           -3.542477           -3.616661           -1.654157           -1.129849           -1.210229           -0.350270           -1.232002           -1.589387           -1.116279           -2.223233           -1.595546           -1.121261           -1.089772           -2.225115           -2.219672           -1.589734           -1.120197           -2.232689           -3.659744           -2.440959            4.000000
  783         1.0079181246047623E+001         8.2141951161665960E-001         7.8856841706440151E-001         3.6862944715671997E+000         1.4364788376827435E+000         1.4503546307047119E+000         2.5727812572700541E+000        -2.2000000000000002E+000           -2.298595           -0.316713           -0.522896           -1.367172           -1.874985           -2.372109           -3.047227           -3.582782           -3.657421           -1.684970           -1.156758           -1.238267           -0.370067           -1.259737           -1.620066           -1.143440           -2.256935           -1.626219           -1.148549           -1.116795           -2.258822           -2.253414           -1.620391           -1.147476           -2.266411           -3.700572           -2.475032            4.000000
  784         1.0079181246047623E+001         8.2142208909750547E-001         7.8851132728973128E-001         3.6852355958163532E+000         1.4452356595625209E+000         1.4328064487753172E+000         2.5860593980262254E+000        -2.2000000000000002E+000           -2.298581           -0.328806           -0.544684           -1.395609           -1.906471           -2.406006           -3.084723           -3.623067           -3.698169           -1.715772           -1.183603           -1.266270           -0.389704           -1.287423           -1.650736           -1.170562           -2.290663           -1.656883           -1.175797           -1.143779           -2.292553           -2.287174           -1.651040           -1.174717           -2.300155           -3.741389           -2.509084            4.000000
  785         1.0079181246047623E+001         8.2142458509241123E-001         7.8845329064198766E-001         3.6841875876506522E+000         1.4539821647144500E+000         1.4152782835347679E+000         2.5993603756672821E+000        -2.2000000000000002E+000           -2.298566           -0.340709           -0.566370           -1.424020           -1.937976           -2.439910           -3.122212           -3.663326           -3.738900           -1.746573           -1.210398           -1.294252           -0.409207           -1.315073           -1.681409           -1.197663           -2.324419           -1.687550           -1.203021           -1.170739           -2.326312           -2.320956           -1.681691           -1.201932           -2.333925           -3.782188           -2.543119            4.000000
  786         1.0079181246047623E+001         8.2142699169023625E-001         7.8839450498459118E-001         3.6831498331336610E+000         1.4627197943474477E+000         1.3977673830966912E+000         2.6126846168653088E+000        -2.2000000000000002E+000           -2.298551           -0.352409           -0.587947           -1.452399           -1.969499           -2.473821           -3.159697           -3.703568           -3.779623           -1.777371           -1.237140           -1.322210           -0.428568           -1.342682           -1.712081           -1.224737           -2.358204           -1.718217           -1.230216           -1.197671           -2.360100           -2.354761           -1.712343           -1.229120           -2.367723           -3.822978           -2.577137            4.000000
  787         1.0079181246047623E+001         8.2142930304615769E-001         7.8833513507870057E-001         3.6821105590990282E+000         1.4714657877071136E+000         1.3802393632237593E+000         2.6260195074461143E+000        -2.2000000000000002E+000           -2.298536           -0.363674           -0.609266           -1.480664           -2.000986           -2.507710           -3.197190           -3.743836           -3.820384           -1.808106           -1.263728           -1.350056           -0.447617           -1.370160           -1.742694           -1.251689           -2.391989           -1.748823           -1.257288           -1.224479           -2.393888           -2.388560           -1.742935           -1.256186           -2.401518           -3.863809           -2.611110            4.000000
  788         1.0079181246047623E+001         8.2143151281856119E-001         7.8827528425093574E-001         3.6810901914241585E+000         1.4801925661059960E+000         1.3627494404643863E+000         2.6393915935443992E+000        -2.2000000000000002E+000           -2.298520           -0.374928           -0.630615           -1.508979           -2.032547           -2.541641           -3.234684           -3.784067           -3.861111           -1.838898           -1.290356           -1.377963           -0.466678           -1.397685           -1.773368           -1.278706           -2.425840           -1.779491           -1.284421           -1.251353           -2.427739           -2.422417           -1.773589           -1.283314           -2.435376           -3.904604           -2.645099            4.000000
  789         1.0079181246047623E+001         8.2143362119469743E-001         7.8821493307335677E-001         3.6800618966592991E+000         1.4889374245995159E+000         1.3452229892551044E+000         2.6527681314719960E+000        -2.2000000000000002E+000           -2.298503           -0.385611           -0.651623           -1.537130           -2.064043           -2.575533           -3.272193           -3.824347           -3.901905           -1.869594           -1.316774           -1.405710           -0.485330           -1.425027           -1.803948           -1.305548           -2.459675           -1.810066           -1.311380           -1.278048           -2.461575           -2.456252           -1.804150           -1.310268           -2.469216           -3.945469           -2.679025            4.000000
  790         1.0079181246047623E+001         8.2143563778571038E-001         7.8815401083610892E-001         3.6790447076070572E+000         1.4976727130843743E+000         1.3277152705393518E+000         2.6661699522327496E+000        -2.2000000000000002E+000           -2.298486           -0.396111           -0.672562           -1.565283           -2.095565           -2.609444           -3.309707           -3.864612           -3.942690           -1.900308           -1.343187           -1.433461           -0.503876           -1.452362           -1.834550           -1.332393           -2.493535           -1.840661           -1.338340           -1.304746           -2.495435           -2.490113           -1.834732           -1.337223           -2.503081           -3.986324           -2.712959            4.000000
  791         1.0079181246047623E+001         8.2143758074281270E-001         7.8809220245419165E-001         3.6780340243623320E+000         1.5064024480145759E+000         1.3102180435493094E+000         2.6795866891142506E+000        -2.2000000000000002E+000           -2.298468           -0.406310           -0.693371           -1.593414           -2.127071           -2.643359           -3.347227           -3.904871           -3.983476           -1.931018           -1.369588           -1.461185           -0.522240           -1.479667           -1.865149           -1.359204           -2.527379           -1.871253           -1.365265           -1.331408           -2.529280           -2.523965           -1.865312           -1.364144           -2.536932           -4.027180           -2.746912            4.000000
  792         1.0079181246047623E+001         8.2143946414534552E-001         7.8802916190058214E-001         3.6770256539768105E+000         1.5151291691772171E+000         1.2927260007161445E+000         2.6930066498974474E+000        -2.2000000000000002E+000           -2.298449           -0.416108           -0.713977           -1.621474           -2.158527           -2.677250           -3.384739           -3.945122           -4.024265           -1.961684           -1.395920           -1.488832           -0.540339           -1.506889           -1.895705           -1.385927           -2.561178           -1.901802           -1.392104           -1.357980           -2.563082           -2.557783           -1.895848           -1.390979           -2.570742           -4.068038           -2.780855            4.000000
  793         1.0079181246047623E+001         8.2144129458760184E-001         7.8796447891773425E-001         3.6760270014995764E+000         1.5238399255615720E+000         1.2752647502846510E+000         2.7064335527572201E+000        -2.2000000000000002E+000           -2.298430           -0.425678           -0.734485           -1.649513           -2.189958           -2.711126           -3.422225           -3.985322           -4.065009           -1.992339           -1.422241           -1.516454           -0.558298           -1.534084           -1.926252           -1.412622           -2.594944           -1.932342           -1.418915           -1.384523           -2.596850           -2.591574           -1.926376           -1.417786           -2.604521           -4.108850           -2.814797            4.000000
  794         1.0079181246047623E+001         8.2144307281139051E-001         7.8789783755944476E-001         3.6750157850537715E+000         1.5325627678448508E+000         1.2577779403300253E+000         2.7198343715405597E+000        -2.2000000000000002E+000           -2.298409           -0.434489           -0.754545           -1.677328           -2.221231           -2.744904           -3.459682           -4.025535           -4.105785           -2.022834           -1.448314           -1.543843           -0.575718           -1.561031           -1.956639           -1.439064           -2.628590           -1.962721           -1.445473           -1.410809           -2.630501           -2.625256           -1.956743           -1.444340           -2.638183           -4.149695           -2.848657            4.000000
  795         1.0079181246047623E+001         8.2144480879340198E-001         7.8782848464619004E-001         3.6740253653709218E+000         1.5412460102511927E+000         1.2403684296787831E+000         2.7332391776218450E+000        -2.2000000000000002E+000           -2.298387           -0.443312           -0.774641           -1.705175           -2.252501           -2.778660           -3.497068           -4.065622           -4.146430           -2.053344           -1.474444           -1.571267           -0.593161           -1.588014           -1.987046           -1.465546           -2.662200           -1.993121           -1.472071           -1.437137           -2.664116           -2.658909           -1.987130           -1.470936           -2.671812           -4.190409           -2.882508            4.000000
  796         1.0079181246047623E+001         8.2144651499092247E-001         7.8775555780534212E-001         3.6730404214339183E+000         1.5499029768784123E+000         1.2230089787236149E+000         2.7466133351282709E+000        -2.2000000000000002E+000           -2.298364           -0.451763           -0.794510           -1.732887           -2.283647           -2.812306           -3.534349           -4.105593           -4.186964           -2.083740           -1.500439           -1.598555           -0.610332           -1.614852           -2.017340           -1.491887           -2.695685           -2.023407           -1.498527           -1.463321           -2.697607           -2.692443           -2.017405           -1.497389           -2.705317           -4.231011           -2.916265            4.000000
  797         1.0079181246047623E+001         8.2144821374842447E-001         7.8767748514160785E-001         3.6720679659048150E+000         1.5585077186331504E+000         1.2057504223111026E+000         2.7599329965213339E+000        -2.2000000000000002E+000           -2.298340           -0.459953           -0.814187           -1.760444           -2.314628           -2.845786           -3.571442           -4.145345           -4.227280           -2.113985           -1.526289           -1.625692           -0.627284           -1.641533           -2.047486           -1.518076           -2.728989           -2.053545           -1.524831           -1.489355           -2.730917           -2.725803           -2.047532           -1.523690           -2.738644           -4.271395           -2.949867            4.000000
  798         1.0079181246047623E+001         8.2144993300589508E-001         7.8759209432977695E-001         3.6711006480967705E+000         1.5670412692437692E+000         1.1886291829733378E+000         2.7731308265103909E+000        -2.2000000000000002E+000           -2.298315           -0.467591           -0.833425           -1.787640           -2.345258           -2.878926           -3.608201           -4.184752           -4.267255           -2.143888           -1.551777           -1.652469           -0.643759           -1.667847           -2.077293           -1.543902           -2.761940           -2.083344           -1.550771           -1.515024           -2.763875           -2.758818           -2.077321           -1.549628           -2.771621           -4.311439           -2.983144            4.000000
  799         1.0079181246047623E+001         8.2145173424611340E-001         7.8749482520450753E-001         3.6701765160622433E+000         1.5753634225225639E+000         1.1719224337933216E+000         2.7860786049298722E+000        -2.2000000000000002E+000           -2.298293           -0.475262           -0.852420           -1.814379           -2.375319           -2.911414           -3.644169           -4.223254           -4.306304           -2.173254           -1.576867           -1.678805           -0.660055           -1.693727           -2.106570           -1.569316           -2.794233           -2.112612           -1.576297           -1.540288           -2.796175           -2.791177           -2.106579           -1.575151           -2.803940           -4.350552           -3.015777            4.000000
  800         1.0079181246047623E+001         8.2145368231017368E-001         7.8738032206125363E-001         3.6693114159442901E+000         1.5832474996740511E+000         1.1560796791183181E+000         2.7983863587610323E+000        -2.2000000000000002E+000           -2.298272           -0.482525           -0.870475           -1.839800           -2.403880           -2.942273           -3.678307           -4.259765           -4.343330           -2.201167           -1.600729           -1.703848           -0.675534           -1.718331           -2.134402           -1.593485           -2.824897           -2.140435           -1.600570           -1.564315           -2.826847           -2.821909           -2.134394           -1.599423           -2.834631           -4.387640           -3.046783            4.000000
  801         1.0079181246047623E+001         8.2145534426903177E-001         7.8728055134529951E-001         3.6683950071088658E+000         1.5914908450907912E+000         1.1395290695357554E+000         2.8112074142528192E+000        -2.2000000000000002E+000           -2.298253           -0.489409           -0.888900           -1.866113           -2.433542           -2.974387           -3.713915           -4.297892           -4.382010           -2.230148           -1.625382           -1.729764           -0.691189           -1.743771           -2.163300           -1.618470           -2.856794           -2.169325           -1.625665           -1.589149           -2.858752           -2.853884           -2.163274           -1.624517           -2.866558           -4.426386           -3.079067            4.000000
  802         1.0079181246047623E+001         8.2145660600541781E-001         7.8720642913768657E-001         3.6674067583940468E+000         1.6002120733986813E+000         1.1220411958340786E+000         2.8246968760093205E+000        -2.2000000000000002E+000           -2.298229           -0.495725           -0.907762           -1.893566           -2.464628           -3.008135           -3.751454           -4.338150           -4.422874           -2.260508           -1.651035           -1.756794           -0.707021           -1.770275           -2.193574           -1.644491           -2.890295           -2.199588           -1.651804           -1.615005           -2.892263           -2.887475           -2.193528           -1.650655           -2.900094           -4.467322           -3.113012            4.000000
  803         1.0079181246047623E+001         8.2145773463278293E-001         7.8713830327209755E-001         3.6664085843535874E+000         1.6090093994963928E+000         1.1044056795333728E+000         2.8382988320429070E+000        -2.2000000000000002E+000           -2.298203           -0.501658           -0.926544           -1.921144           -2.495909           -3.042130           -3.789305           -4.378751           -4.464093           -2.291059           -1.676778           -1.783949           -0.722691           -1.796881           -2.224044           -1.670617           -2.924028           -2.230047           -1.678049           -1.640964           -2.926006           -2.921305           -2.223978           -1.676899           -2.933864           -4.508615           -3.147222            4.000000
  804         1.0079181246047623E+001         8.2145880545948557E-001         7.8707001244321095E-001         3.6654100254436095E+000         1.6178246780114725E+000         1.0867344475980092E+000         2.8519351534331525E+000        -2.2000000000000002E+000           -2.298177           -0.507265           -0.945191           -1.948710           -2.527215           -3.076176           -3.827235           -4.419435           -4.505401           -2.321640           -1.702488           -1.811094           -0.738170           -1.823461           -2.254547           -1.696723           -2.957799           -2.260537           -1.704275           -1.666902           -2.959789           -2.955179           -2.254460           -1.703124           -2.967674           -4.549998           -3.181500            4.000000
  805         1.0079181246047623E+001         8.2145984605692679E-001         7.8699791874247627E-001         3.6644041551607200E+000         1.6266569197136000E+000         1.0690271454628832E+000         2.8655761557058526E+000        -2.2000000000000002E+000           -2.298149           -0.512310           -0.963523           -1.976143           -2.558450           -3.110195           -3.865192           -4.460171           -4.546771           -2.352149           -1.728033           -1.838111           -0.753271           -1.849891           -2.284982           -1.722684           -2.991529           -2.290961           -1.730356           -1.692694           -2.993530           -2.989019           -2.284875           -1.729205           -3.001445           -4.591445           -3.215769            4.000000
  806         1.0079181246047623E+001         8.2146087202886608E-001         7.8691865236668512E-001         3.6633987715704057E+000         1.6354900766326987E+000         1.0513136975611252E+000         2.8792209351827913E+000        -2.2000000000000002E+000           -2.298122           -0.516983           -0.981674           -2.003490           -2.589635           -3.144189           -3.903148           -4.500910           -4.588147           -2.382613           -1.753470           -1.865048           -0.768124           -1.876221           -2.315377           -1.748556           -3.025220           -2.321342           -1.756349           -1.718396           -3.027233           -3.022827           -2.315249           -1.755198           -3.035179           -4.632900           -3.250029            4.000000
  807         1.0079181246047623E+001         8.2146190245607786E-001         7.8682942039337833E-001         3.6623981579269245E+000         1.6443137756303012E+000         1.0336129992040608E+000         2.8928658786040695E+000        -2.2000000000000002E+000           -2.298095           -0.521388           -0.999674           -2.030768           -2.620774           -3.178149           -3.941079           -4.541614           -4.629489           -2.413037           -1.778823           -1.891925           -0.782798           -1.902475           -2.345738           -1.774363           -3.058867           -2.351688           -1.782276           -1.744033           -3.060893           -3.056595           -2.345588           -1.781126           -3.068871           -4.674321           -3.284271            4.000000
  808         1.0079181246047623E+001         8.2146295328713592E-001         7.8672669455651301E-001         3.6614012600984154E+000         1.6531236407195702E+000         1.0159314069273142E+000         2.9064980174685728E+000        -2.2000000000000002E+000           -2.298069           -0.525483           -1.017491           -2.057939           -2.651830           -3.212042           -3.978953           -4.582256           -4.670771           -2.443386           -1.804052           -1.918705           -0.797251           -1.928613           -2.376028           -1.800066           -3.092436           -2.381963           -1.808100           -1.769567           -3.094475           -3.090291           -2.375857           -1.806950           -3.102487           -4.715683           -3.318462            5.000000
